YEAR,MONTH,DISTRICT_NAME,RAINFALL
2013,1,Alwar,0.03758285232403311
2013,2,Alwar,2.247853127593289
2013,3,Alwar,0.0
2013,4,Alwar,0.0729068793001629
2013,5,Alwar,0.08281576166504541
2013,6,Alwar,1.7267621178712165
2013,7,Alwar,7.103935776561635
2013,8,Alwar,9.063408813306262
2013,9,Alwar,2.2054506541008037
2013,10,Alwar,0.8002330112841821
2013,11,Alwar,0.0
2013,12,Alwar,0.0
2013,1,Baghpat,1.846419999676366
2013,2,Baghpat,3.8911202380965864
2013,3,Baghpat,0.10082601623669746
2013,4,Baghpat,0.049740392963091525
2013,5,Baghpat,0.46886879590249825
2013,6,Baghpat,5.251621685922146
2013,7,Baghpat,2.0802246817658023
2013,8,Baghpat,9.104850264085877
2013,9,Baghpat,2.2857746611038845
2013,10,Baghpat,1.896995036111724
2013,11,Baghpat,0.12138618429501852
2013,12,Baghpat,0.30555911434273564
2013,1,Bharatpur,0.24056485775978334
2013,2,Bharatpur,1.07951896744115
2013,3,Bharatpur,0.0
2013,4,Bharatpur,0.0
2013,5,Bharatpur,0.043481465308896954
2013,6,Bharatpur,0.6979433305561542
2013,7,Bharatpur,4.566481110790083
2013,8,Bharatpur,6.367624390269479
2013,9,Bharatpur,1.449782451738914
2013,10,Bharatpur,0.3292570844773323
2013,11,Bharatpur,0.0
2013,12,Bharatpur,0.013390175757869598
2013,1,Bulandshahr,0.6736991962117533
2013,2,Bulandshahr,2.0925052412918634
2013,3,Bulandshahr,0.221000773291434
2013,4,Bulandshahr,0.025729151268800095
2013,5,Bulandshahr,0.0938063129301994
2013,6,Bulandshahr,4.7349516434967525
2013,7,Bulandshahr,2.44760770922707
2013,8,Bulandshahr,3.270076760168999
2013,9,Bulandshahr,0.488902746240298
2013,10,Bulandshahr,0.5608152295312574
2013,11,Bulandshahr,0.05772675792376201
2013,12,Bulandshahr,0.2847178070775924
2013,1,Faridabad,0.9176407398716097
2013,2,Faridabad,2.3485115308846747
2013,3,Faridabad,0.06878414509757873
2013,4,Faridabad,0.05046692490577698
2013,5,Faridabad,0.020075925415562045
2013,6,Faridabad,1.36542506814003
2013,7,Faridabad,2.5717249248296983
2013,8,Faridabad,4.694455879349863
2013,9,Faridabad,0.7594363649686178
2013,10,Faridabad,0.47438184099812664
2013,11,Faridabad,0.027321374416351317
2013,12,Faridabad,0.12320946878002535
2013,1,GautamBuddhaNagar,0.7202467303122243
2013,2,GautamBuddhaNagar,3.123377297605787
2013,3,GautamBuddhaNagar,0.2975225256335351
2013,4,GautamBuddhaNagar,0.04502612352371216
2013,5,GautamBuddhaNagar,0.0
2013,6,GautamBuddhaNagar,2.090427695711454
2013,7,GautamBuddhaNagar,1.8797902397571071
2013,8,GautamBuddhaNagar,2.1402650523570275
2013,9,GautamBuddhaNagar,0.2212507704893748
2013,10,GautamBuddhaNagar,0.017900807242239674
2013,11,GautamBuddhaNagar,0.0
2013,12,GautamBuddhaNagar,0.031293288353950746
2013,1,Ghaziabad,1.2638810334667083
2013,2,Ghaziabad,3.9759181908198764
2013,3,Ghaziabad,0.412578244363108
2013,4,Ghaziabad,0.053197781244913735
2013,5,Ghaziabad,0.24683477032569148
2013,6,Ghaziabad,7.786417451997598
2013,7,Ghaziabad,3.6327886711205206
2013,8,Ghaziabad,4.0666463524103165
2013,9,Ghaziabad,0.9141006847222646
2013,10,Ghaziabad,0.6630193879527431
2013,11,Ghaziabad,0.0
2013,12,Ghaziabad,0.3616032235084041
2013,1,Gurgaon,1.00833099695944
2013,2,Gurgaon,3.034631008548396
2013,3,Gurgaon,0.2894515683574061
2013,4,Gurgaon,0.4752378324667613
2013,5,Gurgaon,0.0203073178568194
2013,6,Gurgaon,4.0967423737049105
2013,7,Gurgaon,8.115904927253723
2013,8,Gurgaon,8.322566676524378
2013,9,Gurgaon,2.113107489794493
2013,10,Gurgaon,1.689431631757367
2013,11,Gurgaon,0.013412264734506603
2013,12,Gurgaon,0.13238179299139208
2013,1,Hapur,1.1367541878454146
2013,2,Hapur,3.1816675141453743
2013,3,Hapur,0.4572665354897899
2013,4,Hapur,0.024534382919470462
2013,5,Hapur,0.10332564336638297
2013,6,Hapur,5.350865119695664
2013,7,Hapur,2.903877004260017
2013,8,Hapur,5.018621500821844
2013,9,Hapur,1.211204302807649
2013,10,Hapur,0.4813605296996332
2013,11,Hapur,0.006175842136144634
2013,12,Hapur,0.36625367643371703
2013,1,Jhajjar,0.8877303513788408
2013,2,Jhajjar,2.6740116035299644
2013,3,Jhajjar,0.09954611220026528
2013,4,Jhajjar,0.1961221130357848
2013,5,Jhajjar,0.020277833425870508
2013,6,Jhajjar,1.4635117083787919
2013,7,Jhajjar,2.944617590917054
2013,8,Jhajjar,5.1188116555893295
2013,9,Jhajjar,1.7027441953619322
2013,10,Jhajjar,1.1054416781151166
2013,11,Jhajjar,0.0
2013,12,Jhajjar,0.023697615310709966
2013,1,Jind,1.265775203704834
2013,2,Jind,5.103772095271519
2013,3,Jind,0.03821729844616306
2013,4,Jind,0.061155637105306
2013,5,Jind,0.0
2013,6,Jind,1.5695039788881937
2013,7,Jind,3.372796696760962
2013,8,Jind,7.718370517415385
2013,9,Jind,2.7363277037938434
2013,10,Jind,1.3390906131075275
2013,11,Jind,0.00662443141142527
2013,12,Jind,0.08470501438263923
2013,1,Meerut,1.2740394011620553
2013,2,Meerut,3.806462071037718
2013,3,Meerut,0.31157547043215844
2013,4,Meerut,0.05777867150803407
2013,5,Meerut,0.46347186450035344
2013,6,Meerut,5.712802976121505
2013,7,Meerut,5.713616257052748
2013,8,Meerut,11.020132675286263
2013,9,Meerut,3.0198953092098235
2013,10,Meerut,1.949956568258424
2013,11,Meerut,0.015252628301580744
2013,12,Meerut,0.218275346823277
2013,1,Mewat,0.5284935540409499
2013,2,Mewat,1.7894470553312982
2013,3,Mewat,0.007930929782570045
2013,4,Mewat,0.0
2013,5,Mewat,0.005137194548883745
2013,6,Mewat,1.114121277961466
2013,7,Mewat,4.673221113380566
2013,8,Mewat,6.322287029316349
2013,9,Mewat,1.1532616777552498
2013,10,Mewat,0.7208983334161901
2013,11,Mewat,0.0
2013,12,Mewat,0.040533373432774696
2013,1,Muzaffarnagar,1.671383632767585
2013,2,Muzaffarnagar,4.786920016365392
2013,3,Muzaffarnagar,0.30097924990038716
2013,4,Muzaffarnagar,0.028839730968077973
2013,5,Muzaffarnagar,0.16782674650030752
2013,6,Muzaffarnagar,7.09808313275377
2013,7,Muzaffarnagar,5.453908097179186
2013,8,Muzaffarnagar,12.667575496939882
2013,9,Muzaffarnagar,2.5790629677474497
2013,10,Muzaffarnagar,1.8219351274592261
2013,11,Muzaffarnagar,0.0770595649878184
2013,12,Muzaffarnagar,0.29145418179612004
2013,1,Palwal,0.7643796736674924
2013,2,Palwal,2.493963080591389
2013,3,Palwal,0.10341183408614128
2013,4,Palwal,0.04047742833693822
2013,5,Palwal,0.00813907000326341
2013,6,Palwal,1.6957526832818985
2013,7,Palwal,4.400039100358563
2013,8,Palwal,7.13427403304846
2013,9,Palwal,1.8709036454558372
2013,10,Palwal,0.7853376057840162
2013,11,Palwal,0.017489882310231526
2013,12,Palwal,0.15773340579002135
2013,1,Panipat,1.3705675140503915
2013,2,Panipat,4.060684366949967
2013,3,Panipat,0.009967573227420928
2013,4,Panipat,0.023548086484273274
2013,5,Panipat,0.0
2013,6,Panipat,2.371848507722219
2013,7,Panipat,1.2563262947144047
2013,8,Panipat,5.1235445454236
2013,9,Panipat,0.8479416514436404
2013,10,Panipat,0.9150231499825755
2013,11,Panipat,0.015835845470428468
2013,12,Panipat,0.11810854173475696
2013,1,Rewari,0.4257422839441607
2013,2,Rewari,2.0422954878636768
2013,3,Rewari,0.0
2013,4,Rewari,0.22775096396605174
2013,5,Rewari,0.0
2013,6,Rewari,1.2955574184656142
2013,7,Rewari,3.50980804139568
2013,8,Rewari,6.438209899971562
2013,9,Rewari,1.7115238358577092
2013,10,Rewari,1.159545934969379
2013,11,Rewari,0.0
2013,12,Rewari,0.0
2013,1,Rohtak,0.9301598418143487
2013,2,Rohtak,4.736135508332934
2013,3,Rohtak,0.04536003547330057
2013,4,Rohtak,0.09683995147546133
2013,5,Rohtak,0.006158849885386804
2013,6,Rohtak,1.6164427787065505
2013,7,Rohtak,1.7870824656659556
2013,8,Rohtak,5.225457341560433
2013,9,Rohtak,1.8091361105442048
2013,10,Rohtak,1.230120887198756
2013,11,Rohtak,0.0
2013,12,Rohtak,0.05576706797845902
2013,1,Shamli,2.6030345501438266
2013,2,Shamli,5.491086193493435
2013,3,Shamli,0.13166597966224916
2013,4,Shamli,0.01380571722984314
2013,5,Shamli,0.3201619425127583
2013,6,Shamli,7.333592538038889
2013,7,Shamli,4.586341163323771
2013,8,Shamli,12.4943195074316
2013,9,Shamli,2.765933445096016
2013,10,Shamli,2.1224246178903887
2013,11,Shamli,0.12409015496571858
2013,12,Shamli,0.5823142259351669
2013,1,Sonipat,1.3020655634582685
2013,2,Sonipat,3.863676705175922
2013,3,Sonipat,0.020868402334951585
2013,4,Sonipat,0.07656342420313093
2013,5,Sonipat,0.017254625597307758
2013,6,Sonipat,2.9999039027425978
2013,7,Sonipat,2.210144923419081
2013,8,Sonipat,6.37043396215285
2013,9,Sonipat,1.5271145469612546
2013,10,Sonipat,1.1779447383778068
2013,11,Sonipat,0.008077611525853474
2013,12,Sonipat,0.11568143290858117
2013,1,West,0.802751462946656
2013,2,West,2.565001168510034
2013,3,West,0.2547213488048123
2013,4,West,0.10098773448003663
2013,5,West,0.006321966728215574
2013,6,West,2.663088185588519
2013,7,West,5.55696442122421
2013,8,West,6.217620125380895
2013,9,West,1.5248745367758803
2013,10,West,0.867155102952834
2013,11,West,0.00390116406811608
2013,12,West,0.08761726784449751
2014,1,Alwar,0.33297238419956876
2014,2,Alwar,0.2754949162505111
2014,3,Alwar,0.438832182763359
2014,4,Alwar,0.0660348786129838
2014,5,Alwar,0.2502844502574288
2014,6,Alwar,1.876265772467568
2014,7,Alwar,4.05315000402488
2014,8,Alwar,4.026004796341267
2014,9,Alwar,4.0729683939544925
2014,10,Alwar,0.0
2014,11,Alwar,0.0
2014,12,Alwar,0.07923202827778829
2014,1,Baghpat,1.3397388453445127
2014,2,Baghpat,1.8754740477140461
2014,3,Baghpat,0.8659478242118512
2014,4,Baghpat,0.3562306428949038
2014,5,Baghpat,0.9291936004113767
2014,6,Baghpat,1.3643559719125429
2014,7,Baghpat,2.7450395029398704
2014,8,Baghpat,1.3238896720351712
2014,9,Baghpat,2.7647710661093394
2014,10,Baghpat,0.04654297424900916
2014,11,Baghpat,0.0
2014,12,Baghpat,0.14581445965074724
2014,1,Bharatpur,0.586354821199371
2014,2,Bharatpur,0.7020002933485168
2014,3,Bharatpur,0.7309157079265963
2014,4,Bharatpur,0.08394565184911092
2014,5,Bharatpur,0.29124671605325514
2014,6,Bharatpur,1.2340359625717003
2014,7,Bharatpur,3.309620707746475
2014,8,Bharatpur,2.458007445979503
2014,9,Bharatpur,2.2748966929813226
2014,10,Bharatpur,0.0
2014,11,Bharatpur,0.0
2014,12,Bharatpur,0.0
2014,1,Bulandshahr,1.7148520094733086
2014,2,Bulandshahr,0.9293536484241486
2014,3,Bulandshahr,1.2973838573501957
2014,4,Bulandshahr,0.15681690032283463
2014,5,Bulandshahr,0.408955817837869
2014,6,Bulandshahr,0.7863299893339476
2014,7,Bulandshahr,2.309081016192513
2014,8,Bulandshahr,0.8174577297702912
2014,9,Bulandshahr,1.6965627211332321
2014,10,Bulandshahr,0.4149890476657498
2014,11,Bulandshahr,0.0
2014,12,Bulandshahr,0.3620048028807486
2014,1,Faridabad,0.959507905667828
2014,2,Faridabad,0.5766859996531691
2014,3,Faridabad,0.9804540956693311
2014,4,Faridabad,0.11701574673255284
2014,5,Faridabad,0.2677229347248231
2014,6,Faridabad,0.5578807766238848
2014,7,Faridabad,1.6591554546067793
2014,8,Faridabad,0.9690177854030363
2014,9,Faridabad,1.6913212736447651
2014,10,Faridabad,0.010821222297606929
2014,11,Faridabad,0.0
2014,12,Faridabad,0.118291171327714
2014,1,GautamBuddhaNagar,0.7767110947639712
2014,2,GautamBuddhaNagar,0.4776981621980667
2014,3,GautamBuddhaNagar,0.5405735628258798
2014,4,GautamBuddhaNagar,0.10175940866271656
2014,5,GautamBuddhaNagar,0.3377248317964615
2014,6,GautamBuddhaNagar,0.9286098857720693
2014,7,GautamBuddhaNagar,0.2429445155205265
2014,8,GautamBuddhaNagar,1.921935195163373
2014,9,GautamBuddhaNagar,2.387985630830129
2014,10,GautamBuddhaNagar,0.05613387784650249
2014,11,GautamBuddhaNagar,0.0
2014,12,GautamBuddhaNagar,0.10633606295431813
2014,1,Ghaziabad,0.7912300555936752
2014,2,Ghaziabad,1.4631902767079217
2014,3,Ghaziabad,1.404464207349285
2014,4,Ghaziabad,0.16754939953486125
2014,5,Ghaziabad,0.9455550447587044
2014,6,Ghaziabad,2.0887315745155015
2014,7,Ghaziabad,1.9199212203102727
2014,8,Ghaziabad,0.9390812160507325
2014,9,Ghaziabad,2.0582328250010806
2014,10,Ghaziabad,0.020618655989246983
2014,11,Ghaziabad,0.0
2014,12,Ghaziabad,0.18496753323462703
2014,1,Gurgaon,0.3695762849623157
2014,2,Gurgaon,1.4837955901665347
2014,3,Gurgaon,1.2617806100076245
2014,4,Gurgaon,0.29351981629927953
2014,5,Gurgaon,1.43012930885438
2014,6,Gurgaon,1.1193614527583122
2014,7,Gurgaon,5.0583253368254635
2014,8,Gurgaon,3.9364209415451175
2014,9,Gurgaon,3.032763233780861
2014,10,Gurgaon,0.024571266866499377
2014,11,Gurgaon,0.0
2014,12,Gurgaon,0.5024343306018461
2014,1,Hapur,1.1175580668833949
2014,2,Hapur,1.4596591625096542
2014,3,Hapur,1.4911235635799747
2014,4,Hapur,0.07600242619713148
2014,5,Hapur,0.7367386289181248
2014,6,Hapur,1.3150933759907881
2014,7,Hapur,3.7604840193544664
2014,8,Hapur,0.9818910564626416
2014,9,Hapur,1.8070910021662712
2014,10,Hapur,0.26028683373043615
2014,11,Hapur,0.0
2014,12,Hapur,0.28954637435174757
2014,1,Jhajjar,0.2876960471753151
2014,2,Jhajjar,0.4788918106683663
2014,3,Jhajjar,1.4471194609518974
2014,4,Jhajjar,0.3299567388163673
2014,5,Jhajjar,0.4021694121822234
2014,6,Jhajjar,0.834818194558223
2014,7,Jhajjar,2.719542277275875
2014,8,Jhajjar,0.9687130646679991
2014,9,Jhajjar,1.7009355963932142
2014,10,Jhajjar,0.05958948436603751
2014,11,Jhajjar,0.0
2014,12,Jhajjar,0.12421378268990466
2014,1,Jind,0.21016975564341392
2014,2,Jind,0.5177364860262189
2014,3,Jind,1.1743650128764491
2014,4,Jind,0.061977004011472075
2014,5,Jind,0.8744612345772406
2014,6,Jind,0.25539481043815615
2014,7,Jind,0.554295051482416
2014,8,Jind,0.6409134420175706
2014,9,Jind,2.6756799238423508
2014,10,Jind,0.07128736280625866
2014,11,Jind,0.0
2014,12,Jind,0.027093356655490015
2014,1,Meerut,2.686721505416978
2014,2,Meerut,1.64996540519808
2014,3,Meerut,1.2904260392871596
2014,4,Meerut,0.11807499366501965
2014,5,Meerut,0.7729611774125407
2014,6,Meerut,0.6606749190638462
2014,7,Meerut,6.061503858696068
2014,8,Meerut,1.3657637794892634
2014,9,Meerut,4.768479948987563
2014,10,Meerut,0.26617179270232877
2014,11,Meerut,0.0
2014,12,Meerut,0.24077246097787733
2014,1,Mewat,0.2564355465032721
2014,2,Mewat,0.5075719198655515
2014,3,Mewat,0.8649968312632653
2014,4,Mewat,0.06378940244515736
2014,5,Mewat,0.3001969857241518
2014,6,Mewat,0.7365535361899269
2014,7,Mewat,3.3496413735612744
2014,8,Mewat,2.1763335161952564
2014,9,Mewat,2.1834991748134294
2014,10,Mewat,0.02387466481936875
2014,11,Mewat,0.0
2014,12,Mewat,0.09223208504338418
2014,1,Muzaffarnagar,2.0274222996686735
2014,2,Muzaffarnagar,2.470036815851927
2014,3,Muzaffarnagar,0.8760418292255171
2014,4,Muzaffarnagar,0.5116768459479014
2014,5,Muzaffarnagar,0.8610057959393147
2014,6,Muzaffarnagar,0.48510340775052707
2014,7,Muzaffarnagar,5.902825153342659
2014,8,Muzaffarnagar,2.1955264731039925
2014,9,Muzaffarnagar,3.860783485074838
2014,10,Muzaffarnagar,0.45966632616135383
2014,11,Muzaffarnagar,0.0
2014,12,Muzaffarnagar,0.36648674441441415
2014,1,Palwal,0.9430431041025347
2014,2,Palwal,0.8032551373222044
2014,3,Palwal,1.4736692045004136
2014,4,Palwal,0.15397698481877645
2014,5,Palwal,0.44971239254359274
2014,6,Palwal,0.7753146144251029
2014,7,Palwal,2.858636321800371
2014,8,Palwal,0.9610529546776125
2014,9,Palwal,1.3258615989238023
2014,10,Palwal,0.2607336368772291
2014,11,Palwal,0.0
2014,12,Palwal,0.35525820716734857
2014,1,Panipat,0.8868363288141066
2014,2,Panipat,1.5700077031339918
2014,3,Panipat,1.518630414239822
2014,4,Panipat,0.28868591239054997
2014,5,Panipat,0.9248908738936147
2014,6,Panipat,0.3417615001400312
2014,7,Panipat,1.6076272759706742
2014,8,Panipat,1.5897586422581826
2014,9,Panipat,4.732492337624232
2014,10,Panipat,0.09195006662799467
2014,11,Panipat,0.0
2014,12,Panipat,0.045278010829802484
2014,1,Rewari,0.11652399070801275
2014,2,Rewari,0.37991996109485626
2014,3,Rewari,1.1557813382917834
2014,4,Rewari,0.09510235488414764
2014,5,Rewari,0.2621446742165473
2014,6,Rewari,1.3839440762996673
2014,7,Rewari,4.022249102352127
2014,8,Rewari,1.0966831986461916
2014,9,Rewari,1.8218715717395146
2014,10,Rewari,0.10093068499718943
2014,11,Rewari,0.0
2014,12,Rewari,0.19786961232462236
2014,1,Rohtak,0.23118409947041543
2014,2,Rohtak,0.3479519411921501
2014,3,Rohtak,0.9581933028755649
2014,4,Rohtak,0.199346441278855
2014,5,Rohtak,0.42192635480915347
2014,6,Rohtak,0.35136623978614806
2014,7,Rohtak,0.8035445847818928
2014,8,Rohtak,0.8391586104708333
2014,9,Rohtak,1.3931247333685557
2014,10,Rohtak,0.06708817760790547
2014,11,Rohtak,0.0
2014,12,Rohtak,0.20495054798741494
2014,1,Shamli,1.6740604523689515
2014,2,Shamli,2.6630693588938033
2014,3,Shamli,0.7990860093024469
2014,4,Shamli,0.5686276137828827
2014,5,Shamli,0.667432907127565
2014,6,Shamli,0.4359021226565043
2014,7,Shamli,4.472750082131355
2014,8,Shamli,1.750890876016309
2014,9,Shamli,2.895769308010737
2014,10,Shamli,0.2637906266796973
2014,11,Shamli,0.0
2014,12,Shamli,0.3420577501097033
2014,1,Sonipat,0.9250207075508692
2014,2,Sonipat,1.4131277867016336
2014,3,Sonipat,1.4250673163001255
2014,4,Sonipat,0.28681360731522243
2014,5,Sonipat,0.9890407282178121
2014,6,Sonipat,1.1414058691925473
2014,7,Sonipat,1.7453470750842042
2014,8,Sonipat,1.28424012805185
2014,9,Sonipat,3.5045218072003785
2014,10,Sonipat,0.04690225983178744
2014,11,Sonipat,0.0
2014,12,Sonipat,0.06302817342101887
2014,1,West,0.43445190819360874
2014,2,West,1.5075972905116422
2014,3,West,1.4605316909090165
2014,4,West,0.2919541879660554
2014,5,West,1.045894602293609
2014,6,West,0.8547580329908265
2014,7,West,2.888483847661685
2014,8,West,1.6012827619429557
2014,9,West,2.07266555370556
2014,10,West,0.023132350656294053
2014,11,West,0.0
2014,12,West,0.34164425298090906
2015,1,Alwar,0.3407009326367884
2015,2,Alwar,0.0
2015,3,Alwar,3.8295097237083775
2015,4,Alwar,1.3892879273210255
2015,5,Alwar,0.14893469791258535
2015,6,Alwar,0.9659389379123847
2015,7,Alwar,4.290593333302006
2015,8,Alwar,4.5755583264174
2015,9,Alwar,2.1035754601870265
2015,10,Alwar,0.11798757149876538
2015,11,Alwar,0.06648279542014712
2015,12,Alwar,0.0
2015,1,Baghpat,0.667110395527655
2015,2,Baghpat,0.11739434088979449
2015,3,Baghpat,3.3250241890068977
2015,4,Baghpat,0.7581200885275999
2015,5,Baghpat,0.554103787387571
2015,6,Baghpat,3.9799655663470426
2015,7,Baghpat,6.528803769739405
2015,8,Baghpat,3.5044655440555466
2015,9,Baghpat,1.0297271013259888
2015,10,Baghpat,0.0556509000880103
2015,11,Baghpat,0.30715402762095134
2015,12,Baghpat,0.0
2015,1,Bharatpur,0.7638664553242345
2015,2,Bharatpur,0.0
2015,3,Bharatpur,1.94024684448396
2015,4,Bharatpur,1.2218439569075903
2015,5,Bharatpur,0.196160216965983
2015,6,Bharatpur,1.483832136541605
2015,7,Bharatpur,4.952209825717634
2015,8,Bharatpur,2.947009785761756
2015,9,Bharatpur,0.5769283016522725
2015,10,Bharatpur,0.3567187853397862
2015,11,Bharatpur,0.0
2015,12,Bharatpur,0.11644510876747871
2015,1,Bulandshahr,0.9351827326320833
2015,2,Bulandshahr,0.10979323046548026
2015,3,Bulandshahr,1.8081194729093581
2015,4,Bulandshahr,0.5769395027558009
2015,5,Bulandshahr,0.10079863220453263
2015,6,Bulandshahr,1.3685944397250813
2015,7,Bulandshahr,6.35426662472948
2015,8,Bulandshahr,7.039402892320387
2015,9,Bulandshahr,0.28890038967132564
2015,10,Bulandshahr,0.19743056720302948
2015,11,Bulandshahr,0.016521931489308674
2015,12,Bulandshahr,0.056134855554949854
2015,1,Faridabad,0.5903529446692236
2015,2,Faridabad,0.0
2015,3,Faridabad,1.8427030799850341
2015,4,Faridabad,1.0230518996715545
2015,5,Faridabad,0.09373337030410767
2015,6,Faridabad,0.4920585115750631
2015,7,Faridabad,5.160799987493984
2015,8,Faridabad,2.822708415888971
2015,9,Faridabad,0.07847586746017138
2015,10,Faridabad,0.0446639032133164
2015,11,Faridabad,0.0
2015,12,Faridabad,0.00709853345347989
2015,1,GautamBuddhaNagar,0.5564375788934769
2015,2,GautamBuddhaNagar,0.04874292441776821
2015,3,GautamBuddhaNagar,2.0193046937065744
2015,4,GautamBuddhaNagar,0.5139868465562661
2015,5,GautamBuddhaNagar,0.1712769541528917
2015,6,GautamBuddhaNagar,0.7640356789032619
2015,7,GautamBuddhaNagar,3.5581323528482067
2015,8,GautamBuddhaNagar,3.7585419272222826
2015,9,GautamBuddhaNagar,0.1597317188978195
2015,10,GautamBuddhaNagar,0.009932561266806816
2015,11,GautamBuddhaNagar,0.007027381161848703
2015,12,GautamBuddhaNagar,0.0
2015,1,Ghaziabad,1.163967357527825
2015,2,Ghaziabad,0.8123696653970651
2015,3,Ghaziabad,2.5966294042525755
2015,4,Ghaziabad,0.7092444181442261
2015,5,Ghaziabad,0.43974842371479156
2015,6,Ghaziabad,2.313993576169014
2015,7,Ghaziabad,7.103725126193416
2015,8,Ghaziabad,4.0885120361082015
2015,9,Ghaziabad,0.8689674248298009
2015,10,Ghaziabad,0.08735157597449518
2015,11,Ghaziabad,0.0873297115166982
2015,12,Ghaziabad,0.0
2015,1,Gurgaon,0.8344649182211968
2015,2,Gurgaon,0.13653754336493357
2015,3,Gurgaon,3.7982431650161743
2015,4,Gurgaon,1.4284124970436096
2015,5,Gurgaon,0.2504227747840266
2015,6,Gurgaon,2.328088242560625
2015,7,Gurgaon,9.809465119915624
2015,8,Gurgaon,9.169182264997113
2015,9,Gurgaon,0.8904618809620539
2015,10,Gurgaon,0.02056832275082988
2015,11,Gurgaon,0.038165293137232464
2015,12,Gurgaon,0.0
2015,1,Hapur,0.9602304985446315
2015,2,Hapur,0.8003378255026681
2015,3,Hapur,2.2991835318746103
2015,4,Hapur,0.9147060910860697
2015,5,Hapur,0.3618847715758508
2015,6,Hapur,2.180284737298886
2015,7,Hapur,7.453983790932163
2015,8,Hapur,5.623344753298067
2015,9,Hapur,1.188084735472997
2015,10,Hapur,0.060904690334873814
2015,11,Hapur,0.1154703122874101
2015,12,Hapur,0.0
2015,1,Jhajjar,0.3614024882034589
2015,2,Jhajjar,0.026823409611270544
2015,3,Jhajjar,2.606069301885943
2015,4,Jhajjar,1.0215056386258867
2015,5,Jhajjar,0.3371651206285723
2015,6,Jhajjar,1.3583927280373045
2015,7,Jhajjar,6.392163994011058
2015,8,Jhajjar,4.073456833759944
2015,9,Jhajjar,0.89490700993273
2015,10,Jhajjar,0.011688936782139604
2015,11,Jhajjar,0.0
2015,12,Jhajjar,0.0
2015,1,Jind,0.24667797934624455
2015,2,Jind,0.13119331002235413
2015,3,Jind,1.8417144888831722
2015,4,Jind,2.328390800704559
2015,5,Jind,0.2173625846062937
2015,6,Jind,2.3053616642951966
2015,7,Jind,5.667541542360859
2015,8,Jind,4.560909954770919
2015,9,Jind,1.192996875445048
2015,10,Jind,0.040249822601195306
2015,11,Jind,0.11591315269470215
2015,12,Jind,0.0
2015,1,Meerut,1.1269817151609929
2015,2,Meerut,0.5030027651893241
2015,3,Meerut,3.360174148673973
2015,4,Meerut,0.9280433673411608
2015,5,Meerut,0.7366914216789507
2015,6,Meerut,3.7170141631737352
2015,7,Meerut,7.667237314245393
2015,8,Meerut,5.962405723429495
2015,9,Meerut,2.0043889618168276
2015,10,Meerut,0.00819271935089942
2015,11,Meerut,0.10311341366420189
2015,12,Meerut,0.0
2015,1,Mewat,0.6541608759472447
2015,2,Mewat,0.0
2015,3,Mewat,2.237530660725409
2015,4,Mewat,1.1991415118177735
2015,5,Mewat,0.22482877713377755
2015,6,Mewat,0.4571461216443115
2015,7,Mewat,6.10353308515523
2015,8,Mewat,3.5978263324947766
2015,9,Mewat,2.2358811497688293
2015,10,Mewat,0.062321393720565305
2015,11,Mewat,0.0
2015,12,Mewat,0.0
2015,1,Muzaffarnagar,0.9326617026761654
2015,2,Muzaffarnagar,0.1395384952692049
2015,3,Muzaffarnagar,3.748047866167561
2015,4,Muzaffarnagar,0.8679435169945161
2015,5,Muzaffarnagar,0.5348204642293914
2015,6,Muzaffarnagar,3.859664981067181
2015,7,Muzaffarnagar,7.039933919305763
2015,8,Muzaffarnagar,5.197546498549562
2015,9,Muzaffarnagar,2.949410532787442
2015,10,Muzaffarnagar,0.07540797261941817
2015,11,Muzaffarnagar,0.186278069516023
2015,12,Muzaffarnagar,0.0
2015,1,Palwal,0.8525880152179349
2015,2,Palwal,0.0
2015,3,Palwal,2.249338633110446
2015,4,Palwal,0.9971347011625766
2015,5,Palwal,0.14602217162328382
2015,6,Palwal,0.9420533706744512
2015,7,Palwal,5.460310901364973
2015,8,Palwal,4.256956578743074
2015,9,Palwal,0.30094834566116335
2015,10,Palwal,0.1269477888220741
2015,11,Palwal,0.0
2015,12,Palwal,0.08740049023782054
2015,1,Panipat,0.5137395632843818
2015,2,Panipat,0.12648062195096696
2015,3,Panipat,3.38426548434842
2015,4,Panipat,1.1109489381313324
2015,5,Panipat,1.2646925766621866
2015,6,Panipat,2.717095649242401
2015,7,Panipat,7.092900929912444
2015,8,Panipat,2.7415360481508317
2015,9,Panipat,0.831289545694987
2015,10,Panipat,0.11419027851473901
2015,11,Panipat,0.2656637609004974
2015,12,Panipat,0.0
2015,1,Rewari,0.4519545248439235
2015,2,Rewari,0.0
2015,3,Rewari,2.9880544312538637
2015,4,Rewari,0.8806997895240783
2015,5,Rewari,0.0864774142542193
2015,6,Rewari,1.6601428985595703
2015,7,Rewari,4.704316044286374
2015,8,Rewari,3.1524741906792886
2015,9,Rewari,1.6945726849138734
2015,10,Rewari,0.12280494551504811
2015,11,Rewari,0.0
2015,12,Rewari,0.0
2015,1,Rohtak,0.2124677276419055
2015,2,Rohtak,0.005571122680391582
2015,3,Rohtak,1.6140108858385394
2015,4,Rohtak,2.553137006362279
2015,5,Rohtak,0.23939834967736276
2015,6,Rohtak,1.4316226556897163
2015,7,Rohtak,4.3809678381489165
2015,8,Rohtak,3.1017577417435183
2015,9,Rohtak,0.5950038939714432
2015,10,Rohtak,0.12862151813122535
2015,11,Rohtak,0.004057291150093077
2015,12,Rohtak,0.0
2015,1,Shamli,0.6617998173159939
2015,2,Shamli,0.10911926201411656
2015,3,Shamli,3.5737095186787267
2015,4,Shamli,0.6356166998545328
2015,5,Shamli,0.3650881599995397
2015,6,Shamli,3.915718186398347
2015,7,Shamli,6.902058974389107
2015,8,Shamli,3.971236703857299
2015,9,Shamli,2.1693632513284684
2015,10,Shamli,0.232558423472989
2015,11,Shamli,0.34964565833409633
2015,12,Shamli,0.0
2015,1,Sonipat,0.4952259097368487
2015,2,Sonipat,0.08318907270828882
2015,3,Sonipat,3.1574939668819466
2015,4,Sonipat,1.106604516837332
2015,5,Sonipat,1.1297809524882225
2015,6,Sonipat,2.5004780381917953
2015,7,Sonipat,6.361082279553978
2015,8,Sonipat,3.0773003839196695
2015,9,Sonipat,0.663022952609592
2015,10,Sonipat,0.07175320707341676
2015,11,Sonipat,0.14306177463796402
2015,12,Sonipat,0.0
2015,1,West,0.6810976971060999
2015,2,West,0.016776518097945618
2015,3,West,2.927349651372561
2015,4,West,0.8033230024907324
2015,5,West,0.2546338579987967
2015,6,West,2.252678288436598
2015,7,West,6.552408321570325
2015,8,West,6.2012294136708785
2015,9,West,0.5894500188529491
2015,10,West,0.033519286622283276
2015,11,West,0.03537396821710798
2015,12,West,0.0
2016,1,Alwar,0.0
2016,2,Alwar,0.017623216354200992
2016,3,Alwar,0.5609453215439748
2016,4,Alwar,0.0
2016,5,Alwar,1.2091446916491206
2016,6,Alwar,1.8388107388502075
2016,7,Alwar,9.20940668777936
2016,8,Alwar,7.712218053329925
2016,9,Alwar,0.6780515694192477
2016,10,Alwar,0.39185033209862247
2016,11,Alwar,0.0
2016,12,Alwar,0.0
2016,1,Baghpat,0.045810488923903436
2016,2,Baghpat,0.14755189213259468
2016,3,Baghpat,0.7801989896162864
2016,4,Baghpat,0.2209083636601766
2016,5,Baghpat,1.0785236425938145
2016,6,Baghpat,1.8191938703258832
2016,7,Baghpat,7.593500008385989
2016,8,Baghpat,4.257322078270297
2016,9,Baghpat,0.6643524127701919
2016,10,Baghpat,0.0
2016,11,Baghpat,0.0
2016,12,Baghpat,0.0
2016,1,Bharatpur,0.0
2016,2,Bharatpur,0.0
2016,3,Bharatpur,0.035034699065069994
2016,4,Bharatpur,0.0
2016,5,Bharatpur,0.35110264487804904
2016,6,Bharatpur,0.9232922561466694
2016,7,Bharatpur,7.603623315932289
2016,8,Bharatpur,5.348946682628124
2016,9,Bharatpur,0.44666909749309214
2016,10,Bharatpur,0.7380898998629664
2016,11,Bharatpur,0.0
2016,12,Bharatpur,0.0
2016,1,Bulandshahr,0.0
2016,2,Bulandshahr,0.04571711153819642
2016,3,Bulandshahr,0.4211046420278088
2016,4,Bulandshahr,0.0
2016,5,Bulandshahr,0.6899691072202497
2016,6,Bulandshahr,1.8713862518966198
2016,7,Bulandshahr,10.900822223338388
2016,8,Bulandshahr,5.508669968382005
2016,9,Bulandshahr,1.4369509469966095
2016,10,Bulandshahr,0.29157245072626303
2016,11,Bulandshahr,0.0
2016,12,Bulandshahr,0.0
2016,1,Faridabad,0.0
2016,2,Faridabad,0.004135724542469814
2016,3,Faridabad,0.18894388550712216
2016,4,Faridabad,0.0
2016,5,Faridabad,0.6240838823779937
2016,6,Faridabad,0.9437918851772944
2016,7,Faridabad,5.107612091206735
2016,8,Faridabad,4.835145546303641
2016,9,Faridabad,1.8635920430223147
2016,10,Faridabad,0.1601556654899351
2016,11,Faridabad,0.0
2016,12,Faridabad,0.0
2016,1,GautamBuddhaNagar,0.0
2016,2,GautamBuddhaNagar,0.028652604283957647
2016,3,GautamBuddhaNagar,0.2961888390202676
2016,4,GautamBuddhaNagar,0.0
2016,5,GautamBuddhaNagar,1.1665977280466788
2016,6,GautamBuddhaNagar,1.8505922814210256
2016,7,GautamBuddhaNagar,5.29825258639551
2016,8,GautamBuddhaNagar,5.778167820745899
2016,9,GautamBuddhaNagar,1.1589599967002868
2016,10,GautamBuddhaNagar,0.5069802191949659
2016,11,GautamBuddhaNagar,0.0
2016,12,GautamBuddhaNagar,0.0
2016,1,Ghaziabad,0.0
2016,2,Ghaziabad,0.014220629786622929
2016,3,Ghaziabad,0.8645670337061728
2016,4,Ghaziabad,0.0
2016,5,Ghaziabad,0.7108561137030202
2016,6,Ghaziabad,2.8102111915747323
2016,7,Ghaziabad,4.06919676257718
2016,8,Ghaziabad,3.9898311255439634
2016,9,Ghaziabad,1.554923454920451
2016,10,Ghaziabad,0.11783772899258521
2016,11,Ghaziabad,0.0
2016,12,Ghaziabad,0.0
2016,1,Gurgaon,0.0
2016,2,Gurgaon,0.04163115240376571
2016,3,Gurgaon,0.8326104831311011
2016,4,Gurgaon,0.00814795543750127
2016,5,Gurgaon,1.032233766971096
2016,6,Gurgaon,0.9656239792704582
2016,7,Gurgaon,10.827559780689977
2016,8,Gurgaon,4.724897954733141
2016,9,Gurgaon,2.4720938205718994
2016,10,Gurgaon,0.12386144361188335
2016,11,Gurgaon,0.0
2016,12,Gurgaon,0.0
2016,1,Hapur,0.0
2016,2,Hapur,0.006696841583169731
2016,3,Hapur,0.8796902645018791
2016,4,Hapur,0.0
2016,5,Hapur,0.8106797601907484
2016,6,Hapur,2.120658798267444
2016,7,Hapur,8.945762267997187
2016,8,Hapur,5.501975482509982
2016,9,Hapur,2.1716257400810717
2016,10,Hapur,0.05125897594036594
2016,11,Hapur,0.0
2016,12,Hapur,0.0
2016,1,Jhajjar,0.0
2016,2,Jhajjar,0.0
2016,3,Jhajjar,0.6068663444890772
2016,4,Jhajjar,0.0
2016,5,Jhajjar,0.6611414332223194
2016,6,Jhajjar,1.484895338366429
2016,7,Jhajjar,7.76831280904752
2016,8,Jhajjar,4.463116645572647
2016,9,Jhajjar,0.8970567716492547
2016,10,Jhajjar,0.10069244459111203
2016,11,Jhajjar,0.0
2016,12,Jhajjar,0.0
2016,1,Jind,0.0
2016,2,Jind,0.00503076150499541
2016,3,Jind,0.4967156244862464
2016,4,Jind,0.0
2016,5,Jind,0.5104409956162975
2016,6,Jind,0.9762426604827245
2016,7,Jind,2.850196910481299
2016,8,Jind,2.2031689714039526
2016,9,Jind,0.06044270793596904
2016,10,Jind,0.026893373458616195
2016,11,Jind,0.0
2016,12,Jind,0.0
2016,1,Meerut,0.0
2016,2,Meerut,0.06840407822666497
2016,3,Meerut,0.536828335074167
2016,4,Meerut,0.0
2016,5,Meerut,1.3261508367835515
2016,6,Meerut,2.1146644982198874
2016,7,Meerut,14.251190366043199
2016,8,Meerut,4.179359925730575
2016,9,Meerut,1.4966771294673284
2016,10,Meerut,0.16572682126875846
2016,11,Meerut,0.0
2016,12,Meerut,0.0
2016,1,Mewat,0.0
2016,2,Mewat,0.0
2016,3,Mewat,0.43256024263238396
2016,4,Mewat,0.0
2016,5,Mewat,0.7057866636783846
2016,6,Mewat,2.3814495729075538
2016,7,Mewat,6.971599598405182
2016,8,Mewat,5.300965468729696
2016,9,Mewat,1.0661211338308123
2016,10,Mewat,0.06406607807323497
2016,11,Mewat,0.0
2016,12,Mewat,0.0
2016,1,Muzaffarnagar,0.005678389822283097
2016,2,Muzaffarnagar,0.11226601654599452
2016,3,Muzaffarnagar,0.8029080993465839
2016,4,Muzaffarnagar,0.09055249330898126
2016,5,Muzaffarnagar,1.5060823893835467
2016,6,Muzaffarnagar,1.7155528629819552
2016,7,Muzaffarnagar,12.394266871555198
2016,8,Muzaffarnagar,4.763213682439058
2016,9,Muzaffarnagar,2.2850557415435713
2016,10,Muzaffarnagar,0.12592685607171827
2016,11,Muzaffarnagar,0.0
2016,12,Muzaffarnagar,0.0
2016,1,Palwal,0.0
2016,2,Palwal,0.0
2016,3,Palwal,0.24684742477632338
2016,4,Palwal,0.0
2016,5,Palwal,0.9011884785948261
2016,6,Palwal,1.187198036412398
2016,7,Palwal,7.696496656585124
2016,8,Palwal,5.464759633425744
2016,9,Palwal,1.6355478857954344
2016,10,Palwal,0.22108862092418055
2016,11,Palwal,0.0
2016,12,Palwal,0.0
2016,1,Panipat,0.0
2016,2,Panipat,0.04176238487506735
2016,3,Panipat,0.7849650882905529
2016,4,Panipat,0.0
2016,5,Panipat,0.8512438035780384
2016,6,Panipat,1.1179691284894944
2016,7,Panipat,3.273371773381387
2016,8,Panipat,1.8822658869528002
2016,9,Panipat,0.14457987944285075
2016,10,Panipat,0.0
2016,11,Panipat,0.0
2016,12,Panipat,0.0
2016,1,Rewari,0.0
2016,2,Rewari,0.0
2016,3,Rewari,0.4920381134556186
2016,4,Rewari,0.0
2016,5,Rewari,0.9725793624116529
2016,6,Rewari,0.9115920301526785
2016,7,Rewari,6.908585254463457
2016,8,Rewari,4.7385289529638905
2016,9,Rewari,1.7524804552396138
2016,10,Rewari,0.49327859570903165
2016,11,Rewari,0.0
2016,12,Rewari,0.0
2016,1,Rohtak,0.0
2016,2,Rohtak,0.0
2016,3,Rohtak,0.7040227180527102
2016,4,Rohtak,0.0
2016,5,Rohtak,0.45523468405008316
2016,6,Rohtak,1.0389789323012033
2016,7,Rohtak,3.8469163583170984
2016,8,Rohtak,5.4483014822246565
2016,9,Rohtak,0.07438885569572448
2016,10,Rohtak,0.018843302803654826
2016,11,Rohtak,0.0
2016,12,Rohtak,0.0
2016,1,Shamli,0.029806831190662998
2016,2,Shamli,0.10967694222927094
2016,3,Shamli,0.5128344797318981
2016,4,Shamli,0.19019388556480407
2016,5,Shamli,1.218215611913512
2016,6,Shamli,1.5588348964850107
2016,7,Shamli,6.273588947711453
2016,8,Shamli,3.683121406262921
2016,9,Shamli,0.7715530008077621
2016,10,Shamli,0.0
2016,11,Shamli,0.0
2016,12,Shamli,0.0
2016,1,Sonipat,0.0
2016,2,Sonipat,0.03762919704119364
2016,3,Sonipat,1.4302961384096453
2016,4,Sonipat,0.0
2016,5,Sonipat,0.687507886399505
2016,6,Sonipat,0.9414745739764637
2016,7,Sonipat,5.101932937259315
2016,8,Sonipat,3.175686386804427
2016,9,Sonipat,0.40722461673948496
2016,10,Sonipat,0.01158709006924783
2016,11,Sonipat,0.0
2016,12,Sonipat,0.0
2016,1,West,0.0
2016,2,West,0.0019010392756297655
2016,3,West,0.43892523574252285
2016,4,West,0.0020694893267419598
2016,5,West,0.8076481997005401
2016,6,West,1.0239590222636858
2016,7,West,7.13306464911789
2016,8,West,3.7518069446086884
2016,9,West,1.3736746288008161
2016,10,West,0.4406280363759687
2016,11,West,0.0
2016,12,West,0.0
2017,1,Alwar,0.6945306650504538
2017,2,Alwar,0.0
2017,3,Alwar,0.31837500583740974
2017,4,Alwar,0.0
2017,5,Alwar,0.8418149458853881
2017,6,Alwar,2.0963377556630545
2017,7,Alwar,2.7324850878545215
2017,8,Alwar,3.1863084590998114
2017,9,Alwar,1.5721558443137578
2017,10,Alwar,0.0
2017,11,Alwar,0.0
2017,12,Alwar,0.13723587165779783
2017,1,Baghpat,1.9204131835891354
2017,2,Baghpat,0.0
2017,3,Baghpat,0.18592576922908907
2017,4,Baghpat,0.07326306551694868
2017,5,Baghpat,0.37047535757864675
2017,6,Baghpat,2.4190617695450785
2017,7,Baghpat,2.2932263108030444
2017,8,Baghpat,3.280711613835827
2017,9,Baghpat,5.958250613510609
2017,10,Baghpat,0.0
2017,11,Baghpat,0.0
2017,12,Baghpat,0.18647836485216696
2017,1,Bharatpur,0.2934102089174332
2017,2,Bharatpur,0.0
2017,3,Bharatpur,0.15219575214770534
2017,4,Bharatpur,0.0
2017,5,Bharatpur,0.3052023456942651
2017,6,Bharatpur,1.6057888107995193
2017,7,Bharatpur,4.657842360196575
2017,8,Bharatpur,0.7602540425235226
2017,9,Bharatpur,1.549210359652837
2017,10,Bharatpur,0.0
2017,11,Bharatpur,0.0
2017,12,Bharatpur,0.08690583513629052
2017,1,Bulandshahr,0.9108730950663168
2017,2,Bulandshahr,0.0
2017,3,Bulandshahr,0.8529467463493348
2017,4,Bulandshahr,0.0488170650601387
2017,5,Bulandshahr,0.29463792611514367
2017,6,Bulandshahr,2.4576508805155752
2017,7,Bulandshahr,3.94073277553243
2017,8,Bulandshahr,3.4075977824388013
2017,9,Bulandshahr,6.315037911186615
2017,10,Bulandshahr,0.00685178925914149
2017,11,Bulandshahr,0.0
2017,12,Bulandshahr,0.027066754862185446
2017,1,Faridabad,0.3823619470480949
2017,2,Faridabad,0.0
2017,3,Faridabad,0.227820897294629
2017,4,Faridabad,0.06294669608275097
2017,5,Faridabad,0.27622262724945623
2017,6,Faridabad,2.8728933771451315
2017,7,Faridabad,1.8012610344636826
2017,8,Faridabad,1.8066958318794928
2017,9,Faridabad,5.157948170105616
2017,10,Faridabad,0.0
2017,11,Faridabad,0.0
2017,12,Faridabad,0.10301609000852031
2017,1,GautamBuddhaNagar,0.8630576614410648
2017,2,GautamBuddhaNagar,0.0
2017,3,GautamBuddhaNagar,0.12117987534692211
2017,4,GautamBuddhaNagar,0.3872424840927124
2017,5,GautamBuddhaNagar,0.5253505822150938
2017,6,GautamBuddhaNagar,2.8996895126998425
2017,7,GautamBuddhaNagar,2.545393229492249
2017,8,GautamBuddhaNagar,4.084006969005831
2017,9,GautamBuddhaNagar,8.003876423835754
2017,10,GautamBuddhaNagar,0.0
2017,11,GautamBuddhaNagar,0.0
2017,12,GautamBuddhaNagar,0.12131355654808781
2017,1,Ghaziabad,1.0053619357847399
2017,2,Ghaziabad,0.0
2017,3,Ghaziabad,0.387188365382533
2017,4,Ghaziabad,0.1830940266450246
2017,5,Ghaziabad,0.17698388570739376
2017,6,Ghaziabad,2.9663569539785386
2017,7,Ghaziabad,2.4417023033865037
2017,8,Ghaziabad,4.37085994933882
2017,9,Ghaziabad,6.967962185541789
2017,10,Ghaziabad,0.0
2017,11,Ghaziabad,0.0
2017,12,Ghaziabad,0.19665248932376986
2017,1,Gurgaon,1.2463528552362997
2017,2,Gurgaon,0.0
2017,3,Gurgaon,0.5612937336967837
2017,4,Gurgaon,0.7567782441775004
2017,5,Gurgaon,0.7522792729639238
2017,6,Gurgaon,4.457930130759875
2017,7,Gurgaon,5.0480117249873375
2017,8,Gurgaon,5.020339332280621
2017,9,Gurgaon,3.9641630202531815
2017,10,Gurgaon,0.0
2017,11,Gurgaon,0.017141948143641155
2017,12,Gurgaon,0.2240151128461284
2017,1,Hapur,1.298987659715837
2017,2,Hapur,0.0
2017,3,Hapur,0.5890343898246365
2017,4,Hapur,0.08355673477053643
2017,5,Hapur,0.4567780769880741
2017,6,Hapur,2.1458883839348952
2017,7,Hapur,6.8920260629346295
2017,8,Hapur,6.232102174432047
2017,9,Hapur,8.673793353140354
2017,10,Hapur,0.0
2017,11,Hapur,0.0
2017,12,Hapur,0.11781950823722348
2017,1,Jhajjar,1.3147795713076027
2017,2,Jhajjar,0.0018451889710766928
2017,3,Jhajjar,0.10322383815242399
2017,4,Jhajjar,0.3285918196042379
2017,5,Jhajjar,0.41252978178121713
2017,6,Jhajjar,5.533633348842462
2017,7,Jhajjar,2.700610146727613
2017,8,Jhajjar,1.5905388917333336
2017,9,Jhajjar,2.020323277182049
2017,10,Jhajjar,0.0
2017,11,Jhajjar,0.0
2017,12,Jhajjar,0.07463605557718583
2017,1,Jind,1.1937335921872048
2017,2,Jind,0.0
2017,3,Jind,0.34512892077046053
2017,4,Jind,0.027789819240570068
2017,5,Jind,0.44214039079604617
2017,6,Jind,3.1547649999459586
2017,7,Jind,0.8791789547089608
2017,8,Jind,1.5840673523564492
2017,9,Jind,1.5062585353851319
2017,10,Jind,0.0
2017,11,Jind,0.009240264693895975
2017,12,Jind,0.036305765951833414
2017,1,Meerut,2.07299697879822
2017,2,Meerut,0.011587983529482565
2017,3,Meerut,0.26620936501891385
2017,4,Meerut,0.22505020772417386
2017,5,Meerut,1.117186657783966
2017,6,Meerut,2.734138647466898
2017,7,Meerut,7.197094453498721
2017,8,Meerut,3.7524935139283055
2017,9,Meerut,10.263497251520555
2017,10,Meerut,0.0
2017,11,Meerut,0.0
2017,12,Meerut,0.23600785193904752
2017,1,Mewat,0.49105781797439824
2017,2,Mewat,0.0
2017,3,Mewat,0.3900282408601494
2017,4,Mewat,0.04650986260837979
2017,5,Mewat,0.6840223215760723
2017,6,Mewat,3.014336909188165
2017,7,Mewat,3.2858880362523495
2017,8,Mewat,1.8275373102195802
2017,9,Mewat,4.821799467669593
2017,10,Mewat,0.0
2017,11,Mewat,0.0
2017,12,Mewat,0.09434845883359191
2017,1,Muzaffarnagar,1.6261277705911668
2017,2,Muzaffarnagar,0.03641473249133144
2017,3,Muzaffarnagar,0.3363075807930962
2017,4,Muzaffarnagar,0.14183422066271306
2017,5,Muzaffarnagar,0.8982150670020811
2017,6,Muzaffarnagar,2.490645734469096
2017,7,Muzaffarnagar,4.843737282399689
2017,8,Muzaffarnagar,5.5689465758060255
2017,9,Muzaffarnagar,9.59230728050073
2017,10,Muzaffarnagar,0.0
2017,11,Muzaffarnagar,0.0
2017,12,Muzaffarnagar,0.28112558395631854
2017,1,Palwal,0.45665622526599514
2017,2,Palwal,0.0
2017,3,Palwal,0.3519910230271278
2017,4,Palwal,0.040706461668014525
2017,5,Palwal,0.4460788498963079
2017,6,Palwal,3.125273482998212
2017,7,Palwal,3.3488601782629566
2017,8,Palwal,1.469332052815345
2017,9,Palwal,7.296936922768752
2017,10,Palwal,0.0
2017,11,Palwal,0.008324057360490163
2017,12,Palwal,0.12099108772893105
2017,1,Panipat,1.56414367306617
2017,2,Panipat,0.0072089832808290176
2017,3,Panipat,0.23287161704032652
2017,4,Panipat,0.08693626324335733
2017,5,Panipat,0.33464943497411664
2017,6,Panipat,3.4429758101701737
2017,7,Panipat,2.799496969388377
2017,8,Panipat,1.3980977237224579
2017,9,Panipat,4.450400103628636
2017,10,Panipat,0.0
2017,11,Panipat,0.0
2017,12,Panipat,0.03207530129340387
2017,1,Rewari,0.9746830348045595
2017,2,Rewari,0.015686680163655962
2017,3,Rewari,0.11658659337028382
2017,4,Rewari,0.010660162195563316
2017,5,Rewari,0.417254917083248
2017,6,Rewari,5.4577191700538
2017,7,Rewari,2.0422126030729664
2017,8,Rewari,2.612132646383778
2017,9,Rewari,1.961515931909283
2017,10,Rewari,0.0
2017,11,Rewari,0.0
2017,12,Rewari,0.09437364147555444
2017,1,Rohtak,0.9296291182118077
2017,2,Rohtak,0.0
2017,3,Rohtak,0.13867387367833045
2017,4,Rohtak,0.04545969665050507
2017,5,Rohtak,0.3777817718444332
2017,6,Rohtak,5.504852398981651
2017,7,Rohtak,2.583304047103851
2017,8,Rohtak,2.2665120101263447
2017,9,Rohtak,1.4791425744692484
2017,10,Rohtak,0.0
2017,11,Rohtak,0.008668480316797891
2017,12,Rohtak,0.07849896146405128
2017,1,Shamli,1.5775464254040872
2017,2,Shamli,0.00972049364021846
2017,3,Shamli,0.0881019095259328
2017,4,Shamli,0.05146951675415039
2017,5,Shamli,0.3819709886466303
2017,6,Shamli,2.6315178379416464
2017,7,Shamli,1.9158690720796585
2017,8,Shamli,3.724791942584899
2017,9,Shamli,6.170088248203198
2017,10,Shamli,0.0
2017,11,Shamli,0.0
2017,12,Shamli,0.11621622885427167
2017,1,Sonipat,1.8745224456633294
2017,2,Sonipat,0.009292029376540865
2017,3,Sonipat,0.40539631023201894
2017,4,Sonipat,0.08182059393988715
2017,5,Sonipat,0.3917174294430723
2017,6,Sonipat,4.201135305894746
2017,7,Sonipat,3.1770843741714314
2017,8,Sonipat,1.8652279963416438
2017,9,Sonipat,3.9630533458458057
2017,10,Sonipat,0.0
2017,11,Sonipat,0.0
2017,12,Sonipat,0.16389277160808605
2017,1,West,0.7271617849667867
2017,2,West,0.0
2017,3,West,0.15144577974914225
2017,4,West,0.25923068986998665
2017,5,West,0.5138612553797742
2017,6,West,3.4843322823445004
2017,7,West,3.353517294250509
2017,8,West,2.193551421646149
2017,9,West,3.951323457227813
2017,10,West,0.0
2017,11,West,0.01155155234866672
2017,12,West,0.15077431483935283
2018,1,Alwar,0.03335123759810276
2018,2,Alwar,0.0
2018,3,Alwar,0.11766227860055213
2018,4,Alwar,0.9322817722956339
2018,5,Alwar,0.3529656361874348
2018,6,Alwar,3.705500027324472
2018,7,Alwar,5.620522650224822
2018,8,Alwar,4.774658857471383
2018,9,Alwar,3.7895462243329914
2018,10,Alwar,0.06815992494881977
2018,11,Alwar,0.035913157250199994
2018,12,Alwar,0.019397431529612034
2018,1,Baghpat,0.0794238967280234
2018,2,Baghpat,0.003428396635821886
2018,3,Baghpat,0.0910781006659231
2018,4,Baghpat,0.5111516388754049
2018,5,Baghpat,0.4006728279975153
2018,6,Baghpat,1.6801919010778268
2018,7,Baghpat,10.358554161844715
2018,8,Baghpat,6.604869483219039
2018,9,Baghpat,5.960773461560408
2018,10,Baghpat,0.014471870516577074
2018,11,Baghpat,0.0762332464257876
2018,12,Baghpat,0.026753594798426473
2018,1,Bharatpur,0.0
2018,2,Bharatpur,0.0
2018,3,Bharatpur,0.08021304179583827
2018,4,Bharatpur,0.4983498553435008
2018,5,Bharatpur,0.3075724801709575
2018,6,Bharatpur,3.4963444670041404
2018,7,Bharatpur,8.250156100238524
2018,8,Bharatpur,3.0285700922531467
2018,9,Bharatpur,3.286011491219203
2018,10,Bharatpur,0.09133194146617767
2018,11,Bharatpur,0.012762412428855896
2018,12,Bharatpur,0.0
2018,1,Bulandshahr,0.06724393963813782
2018,2,Bulandshahr,0.12995775150401254
2018,3,Bulandshahr,0.003471957579735784
2018,4,Bulandshahr,0.11116218745708467
2018,5,Bulandshahr,0.17969282154114016
2018,6,Bulandshahr,0.3820602065324783
2018,7,Bulandshahr,8.669468350660416
2018,8,Bulandshahr,3.990614778187967
2018,9,Bulandshahr,3.6505359362562495
2018,10,Bulandshahr,0.0
2018,11,Bulandshahr,0.033108284076054886
2018,12,Bulandshahr,0.0
2018,1,Faridabad,0.04015678744162283
2018,2,Faridabad,0.0
2018,3,Faridabad,0.0
2018,4,Faridabad,0.42700077469150227
2018,5,Faridabad,0.4244534613624696
2018,6,Faridabad,1.902322528262933
2018,7,Faridabad,5.310622284008611
2018,8,Faridabad,2.151615809288717
2018,9,Faridabad,4.5770524308085445
2018,10,Faridabad,0.0
2018,11,Faridabad,0.0681637704372406
2018,12,Faridabad,0.0
2018,1,GautamBuddhaNagar,0.07114022008834346
2018,2,GautamBuddhaNagar,0.0
2018,3,GautamBuddhaNagar,0.0
2018,4,GautamBuddhaNagar,0.004206716020901997
2018,5,GautamBuddhaNagar,0.017863130377184958
2018,6,GautamBuddhaNagar,0.4799465755621592
2018,7,GautamBuddhaNagar,4.762932739190517
2018,8,GautamBuddhaNagar,3.894224266852102
2018,9,GautamBuddhaNagar,5.71874829530716
2018,10,GautamBuddhaNagar,0.0
2018,11,GautamBuddhaNagar,0.22223498821258544
2018,12,GautamBuddhaNagar,0.0
2018,1,Ghaziabad,0.030518668313180248
2018,2,Ghaziabad,0.0
2018,3,Ghaziabad,0.0
2018,4,Ghaziabad,0.0787873735030492
2018,5,Ghaziabad,0.3100901572935043
2018,6,Ghaziabad,0.6401381939649582
2018,7,Ghaziabad,8.612884420060343
2018,8,Ghaziabad,3.6507332108674513
2018,9,Ghaziabad,7.055445314943791
2018,10,Ghaziabad,0.014727610734201244
2018,11,Ghaziabad,0.017834497491518657
2018,12,Ghaziabad,0.0
2018,1,Gurgaon,0.0834439262267082
2018,2,Gurgaon,0.0
2018,3,Gurgaon,0.0
2018,4,Gurgaon,0.47515574594338733
2018,5,Gurgaon,0.5262693666642712
2018,6,Gurgaon,1.8835243860880533
2018,7,Gurgaon,8.37780251858696
2018,8,Gurgaon,5.754735915891586
2018,9,Gurgaon,6.841162796815237
2018,10,Gurgaon,0.0
2018,11,Gurgaon,0.19810540676116944
2018,12,Gurgaon,0.03300401472276257
2018,1,Hapur,0.03748921953862713
2018,2,Hapur,0.004805632467780792
2018,3,Hapur,0.014001878038529425
2018,4,Hapur,0.05447873125473658
2018,5,Hapur,0.21024924732985034
2018,6,Hapur,0.325572340687116
2018,7,Hapur,9.094698167255808
2018,8,Hapur,5.465540539353125
2018,9,Hapur,6.757593275358279
2018,10,Hapur,0.08849993444258168
2018,11,Hapur,0.007488562415043509
2018,12,Hapur,0.0
2018,1,Jhajjar,0.09628197326455065
2018,2,Jhajjar,0.0040859179127784
2018,3,Jhajjar,0.0
2018,4,Jhajjar,0.306998243348466
2018,5,Jhajjar,0.4634513888628252
2018,6,Jhajjar,2.551203503873613
2018,7,Jhajjar,4.88270023176747
2018,8,Jhajjar,2.890087719325737
2018,9,Jhajjar,3.9029099055462413
2018,10,Jhajjar,0.0
2018,11,Jhajjar,0.10316454768180847
2018,12,Jhajjar,0.014002156273652148
2018,1,Jind,0.15123284247613722
2018,2,Jind,0.21608793948377883
2018,3,Jind,0.0
2018,4,Jind,0.08378630876541138
2018,5,Jind,0.3498526542417465
2018,6,Jind,1.3856821616490682
2018,7,Jind,4.0525311866114215
2018,8,Jind,1.2389851770093363
2018,9,Jind,4.716295203566551
2018,10,Jind,0.0
2018,11,Jind,0.02820667028427124
2018,12,Jind,0.0
2018,1,Meerut,0.2513368021576635
2018,2,Meerut,0.0
2018,3,Meerut,0.08866173774003983
2018,4,Meerut,0.4364880993962288
2018,5,Meerut,0.43716303547543867
2018,6,Meerut,1.5726498895635208
2018,7,Meerut,13.030254384322513
2018,8,Meerut,7.590551443277828
2018,9,Meerut,8.438713994373877
2018,10,Meerut,0.6881770640611649
2018,11,Meerut,0.019210148354371386
2018,12,Meerut,0.0
2018,1,Mewat,0.031019629329763432
2018,2,Mewat,0.0
2018,3,Mewat,0.04983064692507508
2018,4,Mewat,0.4329560859335793
2018,5,Mewat,0.165327863988056
2018,6,Mewat,2.8662544575002458
2018,7,Mewat,6.2837892235607224
2018,8,Mewat,2.370558864006432
2018,9,Mewat,3.082479778263304
2018,10,Mewat,0.0
2018,11,Mewat,0.0714290115568373
2018,12,Mewat,0.004257427748813423
2018,1,Muzaffarnagar,0.17311019282187184
2018,2,Muzaffarnagar,0.0605608874133655
2018,3,Muzaffarnagar,0.24783635427874903
2018,4,Muzaffarnagar,0.6116470739245414
2018,5,Muzaffarnagar,0.6271931841488807
2018,6,Muzaffarnagar,2.1247580286115406
2018,7,Muzaffarnagar,12.062184574743432
2018,8,Muzaffarnagar,7.4530949515681115
2018,9,Muzaffarnagar,9.224243644624949
2018,10,Muzaffarnagar,0.8324968584122197
2018,11,Muzaffarnagar,0.15380299886067708
2018,12,Muzaffarnagar,0.0
2018,1,Palwal,0.022528065789130428
2018,2,Palwal,0.0
2018,3,Palwal,0.07334932204215758
2018,4,Palwal,0.41696712573369343
2018,5,Palwal,0.5355371856881727
2018,6,Palwal,1.5205250764886538
2018,7,Palwal,6.0628818006765455
2018,8,Palwal,1.544723362932282
2018,9,Palwal,3.142534589270751
2018,10,Palwal,0.0
2018,11,Palwal,0.029714960853258768
2018,12,Palwal,0.0
2018,1,Panipat,0.13277044603901525
2018,2,Panipat,0.07222309282847815
2018,3,Panipat,0.016020574877339024
2018,4,Panipat,0.15356099059184392
2018,5,Panipat,0.6298697850396556
2018,6,Panipat,0.7700035045544307
2018,7,Panipat,7.165705697190377
2018,8,Panipat,2.193582490567238
2018,9,Panipat,3.1517530977725983
2018,10,Panipat,0.0
2018,11,Panipat,0.0
2018,12,Panipat,0.0
2018,1,Rewari,0.035660476453842654
2018,2,Rewari,0.0
2018,3,Rewari,0.0
2018,4,Rewari,0.16584127768874168
2018,5,Rewari,0.08746277588990427
2018,6,Rewari,2.493738603591919
2018,7,Rewari,6.771370595621486
2018,8,Rewari,3.072007907494422
2018,9,Rewari,4.902166521797578
2018,10,Rewari,0.0
2018,11,Rewari,0.06773947278658549
2018,12,Rewari,0.0
2018,1,Rohtak,0.09674643220440034
2018,2,Rohtak,0.1206595024892262
2018,3,Rohtak,0.0
2018,4,Rohtak,0.22803990046183267
2018,5,Rohtak,0.7765109183326844
2018,6,Rohtak,2.5606755862633386
2018,7,Rohtak,3.7635503913606367
2018,8,Rohtak,1.0354052861371348
2018,9,Rohtak,3.9462772041559218
2018,10,Rohtak,0.0
2018,11,Rohtak,0.07990327129761378
2018,12,Rohtak,0.021031042741191004
2018,1,Shamli,0.024483880689067226
2018,2,Shamli,0.06465484095471245
2018,3,Shamli,0.15325641824353126
2018,4,Shamli,0.4483862822254499
2018,5,Shamli,0.6837468416460099
2018,6,Shamli,1.5838939189910888
2018,7,Shamli,11.133358418460816
2018,8,Shamli,4.965243270320277
2018,9,Shamli,5.547495695948601
2018,10,Shamli,0.1694939213414346
2018,11,Shamli,0.09662178158760071
2018,12,Shamli,0.0
2018,1,Sonipat,0.23587450417139197
2018,2,Sonipat,0.13816753597486586
2018,3,Sonipat,0.010555017699477493
2018,4,Sonipat,0.26380865905019973
2018,5,Sonipat,0.6864133119903584
2018,6,Sonipat,1.2705710394514933
2018,7,Sonipat,5.893415486780546
2018,8,Sonipat,3.752210197589731
2018,9,Sonipat,4.989337642987569
2018,10,Sonipat,0.0
2018,11,Sonipat,0.03916753431161245
2018,12,Sonipat,0.03149426624339114
2018,1,West,0.10664286664737167
2018,2,West,0.0
2018,3,West,0.0
2018,4,West,0.2178520762258106
2018,5,West,0.3376428061915982
2018,6,West,1.3502576596207092
2018,7,West,6.906520667255566
2018,8,West,3.1785737115849733
2018,9,West,4.56115083164639
2018,10,West,0.0
2018,11,West,0.15030218296580847
2018,12,West,0.009765866943584974
2019,1,Alwar,0.6003445222081126
2019,2,Alwar,0.08180471220794987
2019,3,Alwar,0.1349565878441806
2019,4,Alwar,0.8802754900285177
2019,5,Alwar,0.3113567844582593
2019,6,Alwar,0.7807534415452253
2019,7,Alwar,4.923436093611927
2019,8,Alwar,4.290393910409393
2019,9,Alwar,1.5908736446074079
2019,10,Alwar,0.749780266927684
2019,11,Alwar,0.0666003704071045
2019,12,Alwar,0.1724448712877414
2019,1,Baghpat,0.8865226122640795
2019,2,Baghpat,1.3404976081635271
2019,3,Baghpat,0.12757397851636332
2019,4,Baghpat,0.05339696655670802
2019,5,Baghpat,0.220615514584126
2019,6,Baghpat,0.07935445606708527
2019,7,Baghpat,5.980002403499618
2019,8,Baghpat,5.137184062552068
2019,9,Baghpat,0.32485511923829713
2019,10,Baghpat,0.09928577946078393
2019,11,Baghpat,1.1734724203745523
2019,12,Baghpat,0.8463439287677887
2019,1,Bharatpur,0.49964969773446366
2019,2,Bharatpur,0.16816766826169832
2019,3,Bharatpur,0.1836887727822027
2019,4,Bharatpur,0.8096352523813645
2019,5,Bharatpur,0.27456861602202537
2019,6,Bharatpur,0.21871323784192404
2019,7,Bharatpur,3.3515057008593314
2019,8,Bharatpur,3.7675468203040863
2019,9,Bharatpur,1.8420925080776214
2019,10,Bharatpur,0.055058271654190555
2019,11,Bharatpur,0.06113361120224
2019,12,Bharatpur,0.11067816038285533
2019,1,Bulandshahr,0.482567742563063
2019,2,Bulandshahr,0.6671300040291889
2019,3,Bulandshahr,0.2664228974811492
2019,4,Bulandshahr,0.27826661666234337
2019,5,Bulandshahr,0.17975509517615842
2019,6,Bulandshahr,0.078108682235082
2019,7,Bulandshahr,3.139675641925104
2019,8,Bulandshahr,3.8664090337291843
2019,9,Bulandshahr,2.168338244607051
2019,10,Bulandshahr,0.014890807674777122
2019,11,Bulandshahr,0.2791037273406982
2019,12,Bulandshahr,1.0167993207131663
2019,1,Faridabad,0.7576475830808762
2019,2,Faridabad,0.7452752036707742
2019,3,Faridabad,0.4619214217508993
2019,4,Faridabad,0.2135032912095388
2019,5,Faridabad,0.733528582559478
2019,6,Faridabad,0.17748453045884768
2019,7,Faridabad,3.540739820128487
2019,8,Faridabad,3.5923793844638334
2019,9,Faridabad,1.4705581689874332
2019,10,Faridabad,0.15380657872846049
2019,11,Faridabad,0.0741407553354899
2019,12,Faridabad,1.2009143098708122
2019,1,GautamBuddhaNagar,0.7892863365911668
2019,2,GautamBuddhaNagar,1.7890466025897436
2019,3,GautamBuddhaNagar,0.5818101975225634
2019,4,GautamBuddhaNagar,0.0
2019,5,GautamBuddhaNagar,0.9205560621715361
2019,6,GautamBuddhaNagar,0.18820667266845703
2019,7,GautamBuddhaNagar,3.858147128935783
2019,8,GautamBuddhaNagar,4.8711013063307735
2019,9,GautamBuddhaNagar,0.5267800092697144
2019,10,GautamBuddhaNagar,0.2585780543665732
2019,11,GautamBuddhaNagar,0.059590192635854085
2019,12,GautamBuddhaNagar,1.2338138088103263
2019,1,Ghaziabad,0.9496298297759025
2019,2,Ghaziabad,0.7721216614757266
2019,3,Ghaziabad,0.14708364971222418
2019,4,Ghaziabad,0.027392030755678805
2019,5,Ghaziabad,0.3760526396574513
2019,6,Ghaziabad,0.12782504409551623
2019,7,Ghaziabad,5.192281107748708
2019,8,Ghaziabad,4.658388183962915
2019,9,Ghaziabad,1.5223629926641782
2019,10,Ghaziabad,0.23217621157246252
2019,11,Ghaziabad,0.42640361537535987
2019,12,Ghaziabad,0.6490572191053822
2019,1,Gurgaon,1.338590302774983
2019,2,Gurgaon,1.170709649366992
2019,3,Gurgaon,0.2863977630772898
2019,4,Gurgaon,0.32695408165454865
2019,5,Gurgaon,1.3139308614115561
2019,6,Gurgaon,0.2781581292549769
2019,7,Gurgaon,5.760889054546433
2019,8,Gurgaon,5.519538738554524
2019,9,Gurgaon,1.912084493537744
2019,10,Gurgaon,1.2964346908753919
2019,11,Gurgaon,0.11198307275772094
2019,12,Gurgaon,1.197200224524544
2019,1,Hapur,0.8249198227159439
2019,2,Hapur,0.8885120398231915
2019,3,Hapur,0.12965786649334815
2019,4,Hapur,0.1990988110502561
2019,5,Hapur,0.21013516668350465
2019,6,Hapur,0.22595293149352078
2019,7,Hapur,6.443703209200213
2019,8,Hapur,4.9104413056085185
2019,9,Hapur,2.9172301538288594
2019,10,Hapur,0.08061038294146138
2019,11,Hapur,0.5213597935934862
2019,12,Hapur,1.4465227127075195
2019,1,Jhajjar,0.34447931906869333
2019,2,Jhajjar,0.715036006378276
2019,3,Jhajjar,0.15222871888388867
2019,4,Jhajjar,0.3068306449386809
2019,5,Jhajjar,0.5268495108491631
2019,6,Jhajjar,0.2930824359258016
2019,7,Jhajjar,4.2342362367017286
2019,8,Jhajjar,2.0860640223148046
2019,9,Jhajjar,1.0707106817099783
2019,10,Jhajjar,0.27408268887509585
2019,11,Jhajjar,0.20928676691320208
2019,12,Jhajjar,0.5454665665985436
2019,1,Jind,0.2698300192433019
2019,2,Jind,0.3559637569955417
2019,3,Jind,0.09319669392801098
2019,4,Jind,0.14215675195058186
2019,5,Jind,0.2436862011109629
2019,6,Jind,0.4920327583948771
2019,7,Jind,3.2133033102558506
2019,8,Jind,0.5835236041776596
2019,9,Jind,0.17948315838972728
2019,10,Jind,0.1073441909205529
2019,11,Jind,0.3548141698042552
2019,12,Jind,0.3428002768947232
2019,1,Meerut,1.5136243277980435
2019,2,Meerut,2.341877317322152
2019,3,Meerut,0.18901525317661225
2019,4,Meerut,0.3724388326207796
2019,5,Meerut,0.1285315815719866
2019,6,Meerut,0.13434386489291986
2019,7,Meerut,8.717411233292472
2019,8,Meerut,6.4635487892214325
2019,9,Meerut,3.248554947351416
2019,10,Meerut,0.10795266145179348
2019,11,Meerut,0.9397823736071587
2019,12,Meerut,1.170143958060972
2019,1,Mewat,0.5903734950929559
2019,2,Mewat,0.19887294691233406
2019,3,Mewat,0.19736865515350013
2019,4,Mewat,0.43614614042970873
2019,5,Mewat,0.4213592190575856
2019,6,Mewat,0.3616790033049053
2019,7,Mewat,4.809431927819406
2019,8,Mewat,4.3493181393351605
2019,9,Mewat,1.3518663035498726
2019,10,Mewat,0.5368257722546977
2019,11,Mewat,0.0
2019,12,Mewat,0.29311772636187977
2019,1,Muzaffarnagar,1.241930777026761
2019,2,Muzaffarnagar,2.180985363532922
2019,3,Muzaffarnagar,0.14993523469855707
2019,4,Muzaffarnagar,0.4385399125516415
2019,5,Muzaffarnagar,0.1564082473276123
2019,6,Muzaffarnagar,0.052614550478756426
2019,7,Muzaffarnagar,8.563413325697184
2019,8,Muzaffarnagar,8.84680073449929
2019,9,Muzaffarnagar,1.5000109665095807
2019,10,Muzaffarnagar,0.015799943237535412
2019,11,Muzaffarnagar,1.0033556933204333
2019,12,Muzaffarnagar,1.0881132771891933
2019,1,Palwal,0.6009565296192323
2019,2,Palwal,0.4785340832812445
2019,3,Palwal,0.35271627960666535
2019,4,Palwal,0.23517667253812155
2019,5,Palwal,0.3193117156624794
2019,6,Palwal,0.0823487083117167
2019,7,Palwal,3.1808885439269003
2019,8,Palwal,2.3300313935164483
2019,9,Palwal,1.8106841772794724
2019,10,Palwal,0.03555853136124149
2019,11,Palwal,0.014814607302347817
2019,12,Palwal,0.9887895862902364
2019,1,Panipat,0.2637859212775384
2019,2,Panipat,0.7697658634611538
2019,3,Panipat,0.08313042886795537
2019,4,Panipat,0.027682282527287803
2019,5,Panipat,0.44414737820625305
2019,6,Panipat,0.18745367527008056
2019,7,Panipat,3.788075591767988
2019,8,Panipat,2.22760451512952
2019,9,Panipat,0.2944328491886457
2019,10,Panipat,0.0
2019,11,Panipat,0.6333066304524739
2019,12,Panipat,0.349642276763916
2019,1,Rewari,0.48302178613601193
2019,2,Rewari,0.2358328817146165
2019,3,Rewari,0.23973240258712922
2019,4,Rewari,0.5213019301493963
2019,5,Rewari,0.2275251116483442
2019,6,Rewari,0.4872210696339607
2019,7,Rewari,5.145205723422189
2019,8,Rewari,4.87319141434085
2019,9,Rewari,0.9127095963805913
2019,10,Rewari,0.17623962894562753
2019,11,Rewari,0.05454637507597605
2019,12,Rewari,0.5754347308989494
2019,1,Rohtak,0.25497141913060223
2019,2,Rohtak,0.2041365514908518
2019,3,Rohtak,0.11520661774181551
2019,4,Rohtak,0.16263674621780713
2019,5,Rohtak,0.7638256715670708
2019,6,Rohtak,0.4814022183418274
2019,7,Rohtak,3.927121871902097
2019,8,Rohtak,1.0868044690259042
2019,9,Rohtak,0.34783922707041104
2019,10,Rohtak,0.8379930103978803
2019,11,Rohtak,0.39374994536240887
2019,12,Rohtak,0.3216673866395027
2019,1,Shamli,0.5520864532839868
2019,2,Shamli,1.2968978573169025
2019,3,Shamli,0.07017507091645271
2019,4,Shamli,0.12974350526928902
2019,5,Shamli,0.11960998369801429
2019,6,Shamli,0.10786147813002268
2019,7,Shamli,5.961647581669592
2019,8,Shamli,5.538578779707032
2019,9,Shamli,0.27980629007021585
2019,10,Shamli,0.0
2019,11,Shamli,0.9238439654310543
2019,12,Shamli,0.5914821317118983
2019,1,Sonipat,0.478116818974095
2019,2,Sonipat,0.8704097714452518
2019,3,Sonipat,0.18280988995746902
2019,4,Sonipat,0.06100319325923919
2019,5,Sonipat,0.5237922883161935
2019,6,Sonipat,0.4407718012730281
2019,7,Sonipat,4.115556265718193
2019,8,Sonipat,2.253573947536048
2019,9,Sonipat,0.38818854581978585
2019,10,Sonipat,0.16620216478583633
2019,11,Sonipat,0.8301730818218656
2019,12,Sonipat,0.557996114095052
2019,1,West,1.023630032616277
2019,2,West,1.048072315042927
2019,3,West,0.21311474198936137
2019,4,West,0.12987988111045626
2019,5,West,0.7394279850426541
2019,6,West,0.3519949583543671
2019,7,West,4.052855857918339
2019,8,West,4.040039779678468
2019,9,West,1.8511277076270847
2019,10,West,0.4798396428426107
2019,11,West,0.06722129119767083
2019,12,West,0.8721140256972723
2020,1,Alwar,0.10967946080018848
2020,2,Alwar,0.03338068797083324
2020,3,Alwar,2.8591157165677865
2020,4,Alwar,0.310367976164534
2020,5,Alwar,0.8213258274414572
2020,6,Alwar,1.9422221824526786
2020,7,Alwar,2.8655455529964464
2020,8,Alwar,7.254876200504566
2020,9,Alwar,1.4886998979108674
2020,10,Alwar,0.0
2020,11,Alwar,0.08356872076789537
2020,12,Alwar,0.0007637737808139613
2020,1,Baghpat,1.4125877152527533
2020,2,Baghpat,0.640231572348496
2020,3,Baghpat,2.565113132038424
2020,4,Baghpat,0.2372342089811961
2020,5,Baghpat,1.8364369145804835
2020,6,Baghpat,0.8339801010986169
2020,7,Baghpat,5.067236995264407
2020,8,Baghpat,4.507283893323714
2020,9,Baghpat,1.0578459026912848
2020,10,Baghpat,0.0
2020,11,Baghpat,0.005928951998551687
2020,12,Baghpat,0.01197962775345771
2020,1,Bharatpur,0.462797908533004
2020,2,Bharatpur,0.013754733677568107
2020,3,Bharatpur,1.7840087952152375
2020,4,Bharatpur,0.08282988021771115
2020,5,Bharatpur,1.4356848859498579
2020,6,Bharatpur,1.0046340033411978
2020,7,Bharatpur,1.7346456339282375
2020,8,Bharatpur,5.959719550946066
2020,9,Bharatpur,1.0698828426500162
2020,10,Bharatpur,0.0
2020,11,Bharatpur,0.2090490259230137
2020,12,Bharatpur,0.0
2020,1,Bulandshahr,0.48612089868514763
2020,2,Bulandshahr,0.34377878071932955
2020,3,Bulandshahr,1.5271046785577649
2020,4,Bulandshahr,0.3286443657676379
2020,5,Bulandshahr,0.8394997662113559
2020,6,Bulandshahr,0.40167109072208407
2020,7,Bulandshahr,4.677170337015583
2020,8,Bulandshahr,3.693552872586635
2020,9,Bulandshahr,0.22755243728558222
2020,10,Bulandshahr,0.0
2020,11,Bulandshahr,0.009622288544972737
2020,12,Bulandshahr,0.0
2020,1,Faridabad,0.4245595206176081
2020,2,Faridabad,0.0497890083954252
2020,3,Faridabad,2.2721325514778012
2020,4,Faridabad,0.19292058050632477
2020,5,Faridabad,1.1221036584146562
2020,6,Faridabad,0.45814257239302
2020,7,Faridabad,2.5065061750431217
2020,8,Faridabad,4.566694783106927
2020,9,Faridabad,0.08925931180516879
2020,10,Faridabad,0.0
2020,11,Faridabad,0.10560115675131479
2020,12,Faridabad,0.0
2020,1,GautamBuddhaNagar,0.5565844601200473
2020,2,GautamBuddhaNagar,0.0
2020,3,GautamBuddhaNagar,1.707098602287231
2020,4,GautamBuddhaNagar,0.1807559500137965
2020,5,GautamBuddhaNagar,0.6681356338724014
2020,6,GautamBuddhaNagar,0.1356731817126274
2020,7,GautamBuddhaNagar,2.710367757706873
2020,8,GautamBuddhaNagar,2.6908035737372216
2020,9,GautamBuddhaNagar,0.05248317420482636
2020,10,GautamBuddhaNagar,0.0
2020,11,GautamBuddhaNagar,0.007121112942695617
2020,12,GautamBuddhaNagar,0.0
2020,1,Ghaziabad,0.7198775199151808
2020,2,Ghaziabad,0.13204863359188213
2020,3,Ghaziabad,1.4679371118545532
2020,4,Ghaziabad,0.1551685005426407
2020,5,Ghaziabad,1.1355306794566493
2020,6,Ghaziabad,0.9536118974288305
2020,7,Ghaziabad,4.0763313376134445
2020,8,Ghaziabad,2.7720019759670382
2020,9,Ghaziabad,0.01935896873474121
2020,10,Ghaziabad,0.0
2020,11,Ghaziabad,0.08201124171415965
2020,12,Ghaziabad,0.041436383801121864
2020,1,Gurgaon,1.502659111253677
2020,2,Gurgaon,0.0874314390379807
2020,3,Gurgaon,2.782159670706718
2020,4,Gurgaon,0.5058658808469773
2020,5,Gurgaon,0.6931595408147381
2020,6,Gurgaon,1.7830099433660507
2020,7,Gurgaon,8.235866468760275
2020,8,Gurgaon,8.816320542125933
2020,9,Gurgaon,0.8219754685958226
2020,10,Gurgaon,0.0
2020,11,Gurgaon,0.04199951887130737
2020,12,Gurgaon,0.014310321500224451
2020,1,Hapur,0.6837848261479409
2020,2,Hapur,0.3516438418421252
2020,3,Hapur,1.5460659051614423
2020,4,Hapur,0.6535327047109604
2020,5,Hapur,0.9920884385224311
2020,6,Hapur,0.41111349587639173
2020,7,Hapur,5.769497519539248
2020,8,Hapur,5.49071627879335
2020,9,Hapur,0.35279733339945474
2020,10,Hapur,0.0
2020,11,Hapur,0.02687789350748062
2020,12,Hapur,0.079024487926114
2020,1,Jhajjar,0.5933912050339484
2020,2,Jhajjar,0.09087059997964178
2020,3,Jhajjar,1.6453974109183074
2020,4,Jhajjar,0.3205004430479474
2020,5,Jhajjar,0.610106550557639
2020,6,Jhajjar,1.7871536961860128
2020,7,Jhajjar,6.638901562299781
2020,8,Jhajjar,6.811244696058253
2020,9,Jhajjar,0.7951151046488021
2020,10,Jhajjar,0.0
2020,11,Jhajjar,0.03860016365845998
2020,12,Jhajjar,0.018114334633273464
2020,1,Jind,0.567777818249118
2020,2,Jind,0.2996114019689889
2020,3,Jind,2.5566855154691206
2020,4,Jind,0.06783298750718435
2020,5,Jind,2.3791862380120063
2020,6,Jind,1.7420645008484523
2020,7,Jind,7.277127290925672
2020,8,Jind,1.8516175650781201
2020,9,Jind,0.3504985729853312
2020,10,Jind,0.0
2020,11,Jind,0.4528365393479665
2020,12,Jind,0.0070592938892302965
2020,1,Meerut,1.4291846915598838
2020,2,Meerut,1.0631807361697327
2020,3,Meerut,1.8959732773082871
2020,4,Meerut,0.9208397053803007
2020,5,Meerut,1.3309353949321854
2020,6,Meerut,0.9386989695330461
2020,7,Meerut,8.116390244734864
2020,8,Meerut,9.782548439478681
2020,9,Meerut,0.11803383355339368
2020,10,Meerut,0.0
2020,11,Meerut,0.04249632048110167
2020,12,Meerut,0.17978635165960558
2020,1,Mewat,0.38735516048887725
2020,2,Mewat,0.022179895776441725
2020,3,Mewat,2.4725071214219576
2020,4,Mewat,0.3008705817990833
2020,5,Mewat,0.9765662938676855
2020,6,Mewat,0.9091133160723579
2020,7,Mewat,4.13601246171741
2020,8,Mewat,8.473175940334157
2020,9,Mewat,0.9187526625891527
2020,10,Mewat,0.0
2020,11,Mewat,0.1292070375548469
2020,12,Mewat,0.0
2020,1,Muzaffarnagar,1.7822001881056255
2020,2,Muzaffarnagar,1.0513036933181614
2020,3,Muzaffarnagar,3.0199290481546233
2020,4,Muzaffarnagar,1.069425100584825
2020,5,Muzaffarnagar,1.3725300759317414
2020,6,Muzaffarnagar,1.808614365508159
2020,7,Muzaffarnagar,9.078322849446728
2020,8,Muzaffarnagar,10.365736157783578
2020,9,Muzaffarnagar,1.0044869177043438
2020,10,Muzaffarnagar,0.0
2020,11,Muzaffarnagar,0.05349018275737762
2020,12,Muzaffarnagar,0.130864784602196
2020,1,Palwal,0.653990818848533
2020,2,Palwal,0.027268512495632828
2020,3,Palwal,2.0479707356181835
2020,4,Palwal,0.20872271731495856
2020,5,Palwal,0.8076740522538463
2020,6,Palwal,1.2565133217722178
2020,7,Palwal,3.643417653056883
2020,8,Palwal,6.100630578975523
2020,9,Palwal,0.23985543251037597
2020,10,Palwal,0.0
2020,11,Palwal,0.17689817721645038
2020,12,Palwal,0.0
2020,1,Panipat,0.6826392969777507
2020,2,Panipat,0.5679388046264648
2020,3,Panipat,2.4142707682424978
2020,4,Panipat,0.26374237140019735
2020,5,Panipat,1.4837465363164102
2020,6,Panipat,0.990788068373998
2020,7,Panipat,5.268527927417909
2020,8,Panipat,5.83409369953217
2020,9,Panipat,0.04037030537923177
2020,10,Panipat,0.0
2020,11,Panipat,0.03729244867960612
2020,12,Panipat,0.020169932996073076
2020,1,Rewari,0.4877603449408085
2020,2,Rewari,0.14884885220692076
2020,3,Rewari,2.308585144098728
2020,4,Rewari,0.2669182695448399
2020,5,Rewari,1.4481675446994844
2020,6,Rewari,1.6636502668261528
2020,7,Rewari,2.7075932102818645
2020,8,Rewari,8.561116378153525
2020,9,Rewari,1.6914177929361662
2020,10,Rewari,0.0
2020,11,Rewari,0.031023275852203373
2020,12,Rewari,0.003993030757673322
2020,1,Rohtak,0.3385203346129387
2020,2,Rohtak,0.244212720928521
2020,3,Rohtak,2.423859441472638
2020,4,Rohtak,0.19832637707392375
2020,5,Rohtak,1.6215296286729075
2020,6,Rohtak,1.7130091001590093
2020,7,Rohtak,6.434933700388478
2020,8,Rohtak,3.4390389419371084
2020,9,Rohtak,0.7218419472376506
2020,10,Rohtak,0.0
2020,11,Rohtak,0.037052770455678306
2020,12,Rohtak,0.008942517782411268
2020,1,Shamli,1.2732078399389022
2020,2,Shamli,0.7201276997040057
2020,3,Shamli,2.811449559946214
2020,4,Shamli,0.6013295873999596
2020,5,Shamli,1.3067409554796834
2020,6,Shamli,1.0319488694270451
2020,7,Shamli,6.053140643142885
2020,8,Shamli,6.08155946577749
2020,9,Shamli,1.1996651331583659
2020,10,Shamli,0.0
2020,11,Shamli,0.025398741165796917
2020,12,Shamli,0.019131375897315242
2020,1,Sonipat,0.7880203212781619
2020,2,Sonipat,0.5639958689952719
2020,3,Sonipat,2.9137517043980217
2020,4,Sonipat,0.13686088273922603
2020,5,Sonipat,1.8331473565870715
2020,6,Sonipat,1.0490629603465398
2020,7,Sonipat,4.801788081805552
2020,8,Sonipat,5.372884277694968
2020,9,Sonipat,0.11666747778654099
2020,10,Sonipat,0.0
2020,11,Sonipat,0.10496576494640775
2020,12,Sonipat,0.0324256601192618
2020,1,West,0.8296005391786175
2020,2,West,0.05108059446016947
2020,3,West,2.411127531400291
2020,4,West,0.2788175066312154
2020,5,West,0.7449749553556084
2020,6,West,1.6003946958316697
2020,7,West,4.7325869487818855
2020,8,West,6.6019724951155725
2020,9,West,0.6314430271585783
2020,10,West,0.0
2020,11,West,0.048706690470377595
2020,12,West,0.025984131921363136
2021,1,Alwar,0.7824868842066707
2021,2,Alwar,0.0901312250263837
2021,3,Alwar,0.12187578065604109
2021,4,Alwar,0.060649836772964115
2021,5,Alwar,2.382913790952226
2021,6,Alwar,1.1003180731620108
2021,7,Alwar,9.126082815950916
2021,8,Alwar,5.070234409022715
2021,9,Alwar,6.820999074904692
2021,10,Alwar,1.0454251637793908
2021,11,Alwar,0.0
2021,12,Alwar,0.04726431048410829
2021,1,Baghpat,0.8204851400467658
2021,2,Baghpat,0.1534530520439148
2021,3,Baghpat,0.0
2021,4,Baghpat,0.046270599712928136
2021,5,Baghpat,2.9837117264828374
2021,6,Baghpat,1.778708779811859
2021,7,Baghpat,9.767283176702838
2021,8,Baghpat,4.512065195508542
2021,9,Baghpat,8.256435881058374
2021,10,Baghpat,2.430990899282117
2021,11,Baghpat,0.0
2021,12,Baghpat,0.03869130125930233
2021,1,Bharatpur,0.5814913256514457
2021,2,Bharatpur,0.0760210816349302
2021,3,Bharatpur,0.17820838766713296
2021,4,Bharatpur,0.06441233245035012
2021,5,Bharatpur,2.034149444872333
2021,6,Bharatpur,1.5156872428953647
2021,7,Bharatpur,8.55751996475362
2021,8,Bharatpur,1.2501056302459008
2021,9,Bharatpur,4.604945431898037
2021,10,Bharatpur,1.037899342275435
2021,11,Bharatpur,0.0
2021,12,Bharatpur,0.011975097079430855
2021,1,Bulandshahr,0.8484264489143126
2021,2,Bulandshahr,0.09213685819080898
2021,3,Bulandshahr,0.007937069525641778
2021,4,Bulandshahr,0.028196190446615216
2021,5,Bulandshahr,2.3307965091159266
2021,6,Bulandshahr,1.3992048251628875
2021,7,Bulandshahr,3.7906233177550375
2021,8,Bulandshahr,3.9985674270699105
2021,9,Bulandshahr,4.271390644013882
2021,10,Bulandshahr,3.7128781331162304
2021,11,Bulandshahr,0.0
2021,12,Bulandshahr,0.002004616298983171
2021,1,Faridabad,0.7302659269302122
2021,2,Faridabad,0.0981497871024268
2021,3,Faridabad,0.0051695180516089165
2021,4,Faridabad,0.03983460118373235
2021,5,Faridabad,1.7242657215364519
2021,6,Faridabad,0.9783483219643434
2021,7,Faridabad,4.897471557701787
2021,8,Faridabad,1.9433053443508763
2021,9,Faridabad,4.789080090820789
2021,10,Faridabad,2.3339057783446004
2021,11,Faridabad,0.0
2021,12,Faridabad,0.04054291017593876
2021,1,GautamBuddhaNagar,1.0162017292553378
2021,2,GautamBuddhaNagar,0.08346315792628697
2021,3,GautamBuddhaNagar,0.008180364485709897
2021,4,GautamBuddhaNagar,0.0
2021,5,GautamBuddhaNagar,1.6210461081035676
2021,6,GautamBuddhaNagar,0.8700586602091789
2021,7,GautamBuddhaNagar,3.1526855427411293
2021,8,GautamBuddhaNagar,2.788755954753968
2021,9,GautamBuddhaNagar,7.451615117490292
2021,10,GautamBuddhaNagar,2.5906858751850743
2021,11,GautamBuddhaNagar,0.0
2021,12,GautamBuddhaNagar,0.01177013785608353
2021,1,Ghaziabad,0.6142633518865032
2021,2,Ghaziabad,0.06044696910040719
2021,3,Ghaziabad,0.013847379434493276
2021,4,Ghaziabad,0.009258948763211566
2021,5,Ghaziabad,2.3287505872787966
2021,6,Ghaziabad,1.8629748821258545
2021,7,Ghaziabad,4.634130013565863
2021,8,Ghaziabad,3.351259397883569
2021,9,Ghaziabad,5.898843834797542
2021,10,Ghaziabad,1.9979318553401575
2021,11,Ghaziabad,0.0
2021,12,Ghaziabad,0.044495270136863954
2021,1,Gurgaon,1.7427547179883527
2021,2,Gurgaon,0.13499038134302413
2021,3,Gurgaon,0.12075411047666304
2021,4,Gurgaon,0.12098962267239889
2021,5,Gurgaon,4.262842631147754
2021,6,Gurgaon,1.2635893208285174
2021,7,Gurgaon,15.323570666774627
2021,8,Gurgaon,5.801944172670764
2021,9,Gurgaon,12.49896897872289
2021,10,Gurgaon,3.009199359243916
2021,11,Gurgaon,0.0
2021,12,Gurgaon,0.3038012635323309
2021,1,Hapur,0.8962848167265615
2021,2,Hapur,0.06265253467219216
2021,3,Hapur,0.006156837627772361
2021,4,Hapur,0.03483507136503856
2021,5,Hapur,2.257159636385979
2021,6,Hapur,2.7437869250774383
2021,7,Hapur,5.422073349717163
2021,8,Hapur,5.10971975122248
2021,9,Hapur,5.975243828073144
2021,10,Hapur,4.053019779343759
2021,11,Hapur,0.0
2021,12,Hapur,0.030319063894210324
2021,1,Jhajjar,1.0845246717173567
2021,2,Jhajjar,0.0504029994564397
2021,3,Jhajjar,0.2338841688889329
2021,4,Jhajjar,0.10528634538253148
2021,5,Jhajjar,3.834642207910937
2021,6,Jhajjar,1.0272691556149058
2021,7,Jhajjar,11.930632834152508
2021,8,Jhajjar,3.8652444100508125
2021,9,Jhajjar,8.417658309969637
2021,10,Jhajjar,1.0371443949719912
2021,11,Jhajjar,0.0
2021,12,Jhajjar,0.10806433503986684
2021,1,Jind,1.3298200811109235
2021,2,Jind,0.23030798403280123
2021,3,Jind,0.0
2021,4,Jind,0.10178095897038777
2021,5,Jind,1.4814101044208772
2021,6,Jind,1.9320938110351562
2021,7,Jind,11.007329168338929
2021,8,Jind,3.9674818438868376
2021,9,Jind,9.814512563248476
2021,10,Jind,0.1685389434137652
2021,11,Jind,0.0
2021,12,Jind,0.040340058265193816
2021,1,Meerut,0.8990174236316835
2021,2,Meerut,0.10580056586435863
2021,3,Meerut,0.004271770797429543
2021,4,Meerut,0.07230243459343912
2021,5,Meerut,2.6431349684153833
2021,6,Meerut,2.899434041728576
2021,7,Meerut,8.287245952554288
2021,8,Meerut,6.359023083241716
2021,9,Meerut,6.467279766003291
2021,10,Meerut,4.083048225410523
2021,11,Meerut,0.0
2021,12,Meerut,0.07597441682892461
2021,1,Mewat,0.6576245101869747
2021,2,Mewat,0.08361594999829929
2021,3,Mewat,0.21394051883810308
2021,4,Mewat,0.06084004690249762
2021,5,Mewat,2.9292382617150583
2021,6,Mewat,1.0835856246451536
2021,7,Mewat,10.03333642950622
2021,8,Mewat,2.3022215218954187
2021,9,Mewat,5.841871372527547
2021,10,Mewat,1.2951631140644835
2021,11,Mewat,0.0
2021,12,Mewat,0.0938487914941644
2021,1,Muzaffarnagar,0.8347199659554227
2021,2,Muzaffarnagar,0.1627718848841531
2021,3,Muzaffarnagar,0.0
2021,4,Muzaffarnagar,0.08378360904753208
2021,5,Muzaffarnagar,2.5639521224243986
2021,6,Muzaffarnagar,2.612296800563733
2021,7,Muzaffarnagar,10.358182417288903
2021,8,Muzaffarnagar,5.5772638778773045
2021,9,Muzaffarnagar,5.078603145976861
2021,10,Muzaffarnagar,3.1070936838345182
2021,11,Muzaffarnagar,0.0
2021,12,Muzaffarnagar,0.0932994607475496
2021,1,Palwal,0.6526516505306766
2021,2,Palwal,0.08494092736925396
2021,3,Palwal,0.07935048687842584
2021,4,Palwal,0.03881721670428912
2021,5,Palwal,1.9846985066129315
2021,6,Palwal,0.8734179417292277
2021,7,Palwal,5.1217637393743765
2021,8,Palwal,2.5147166038232465
2021,9,Palwal,5.05702131986618
2021,10,Palwal,2.1186380708409893
2021,11,Palwal,0.0
2021,12,Palwal,0.04848178644334116
2021,1,Panipat,1.1170829049041193
2021,2,Panipat,0.16336761681096895
2021,3,Panipat,0.0
2021,4,Panipat,0.07111317912737529
2021,5,Panipat,1.210723695255095
2021,6,Panipat,2.2785394340753555
2021,7,Panipat,5.852699529740118
2021,8,Panipat,3.71102080422063
2021,9,Panipat,6.4345473955074945
2021,10,Panipat,1.1702250838279724
2021,11,Panipat,0.0
2021,12,Panipat,0.013022679475045972
2021,1,Rewari,0.8915369601980332
2021,2,Rewari,0.01732532999345234
2021,3,Rewari,0.14591134123263821
2021,4,Rewari,0.1590390702088674
2021,5,Rewari,4.067052615025351
2021,6,Rewari,0.6039296795924505
2021,7,Rewari,11.424534649618211
2021,8,Rewari,4.568894572075336
2021,9,Rewari,6.757574039200942
2021,10,Rewari,1.6666431446229257
2021,11,Rewari,0.0
2021,12,Rewari,0.09087137060780678
2021,1,Rohtak,1.2661173805113761
2021,2,Rohtak,0.06719445916158813
2021,3,Rohtak,0.32741168573979407
2021,4,Rohtak,0.14400837570428848
2021,5,Rohtak,2.299949566202779
2021,6,Rohtak,1.4571352963646254
2021,7,Rohtak,9.76311744389034
2021,8,Rohtak,4.267664852161562
2021,9,Rohtak,9.14407835031549
2021,10,Rohtak,0.6213834766418703
2021,11,Rohtak,0.0
2021,12,Rohtak,0.1333574032591235
2021,1,Shamli,0.7138366430036484
2021,2,Shamli,0.17009728295462473
2021,3,Shamli,0.0
2021,4,Shamli,0.03362188339233398
2021,5,Shamli,1.9571314910727162
2021,6,Shamli,2.0780043775836625
2021,7,Shamli,8.438712295264967
2021,8,Shamli,3.981658134248949
2021,9,Shamli,5.739751825730006
2021,10,Shamli,2.0249777474711017
2021,11,Shamli,0.0
2021,12,Shamli,0.023412802046345126
2021,1,Sonipat,1.2699178285816666
2021,2,Sonipat,0.25651422284898306
2021,3,Sonipat,0.010474260135363506
2021,4,Sonipat,0.1075264980395635
2021,5,Sonipat,2.240234749692102
2021,6,Sonipat,1.6196543079283503
2021,7,Sonipat,8.982208323414609
2021,8,Sonipat,5.38265079484191
2021,9,Sonipat,9.338375889923837
2021,10,Sonipat,0.992759882442413
2021,11,Sonipat,0.0
2021,12,Sonipat,0.059467710154030906
2021,1,West,1.0417568196532545
2021,2,West,0.04775717677105041
2021,3,West,0.08669310247385373
2021,4,West,0.0564964074227545
2021,5,West,3.2275451456987727
2021,6,West,0.7160407056411108
2021,7,West,7.933598953549581
2021,8,West,6.527858104276401
2021,9,West,7.360195219847891
2021,10,West,2.235060979842499
2021,11,West,0.0
2021,12,West,0.10133288015601455
2022,1,Alwar,2.451459387892402
2022,2,Alwar,0.2596911527976698
2022,3,Alwar,0.0
2022,4,Alwar,0.004411310241335913
2022,5,Alwar,0.47205992190656565
2022,6,Alwar,2.704811004088038
2022,7,Alwar,6.988668102959883
2022,8,Alwar,4.032960141240727
2022,9,Alwar,6.3289571529343025
2022,10,Alwar,4.317983708520364
2022,11,Alwar,0.03665182299557186
2022,12,Alwar,0.0
2022,1,Baghpat,3.020243945621675
2022,2,Baghpat,1.300426008445876
2022,3,Baghpat,0.0
2022,4,Baghpat,0.0
2022,5,Baghpat,1.439974681504311
2022,6,Baghpat,1.8551931073268255
2022,7,Baghpat,4.577125421935512
2022,8,Baghpat,1.8380423829920831
2022,9,Baghpat,5.26951412782073
2022,10,Baghpat,1.5824704150999747
2022,11,Baghpat,0.0
2022,12,Baghpat,0.0
2022,1,Bharatpur,1.5716307047874696
2022,2,Bharatpur,0.3738698714545795
2022,3,Bharatpur,0.0
2022,4,Bharatpur,0.0
2022,5,Bharatpur,0.3176819184614766
2022,6,Bharatpur,1.583230302731196
2022,7,Bharatpur,5.582264875091853
2022,8,Bharatpur,3.0373999802095275
2022,9,Bharatpur,4.271248630682627
2022,10,Bharatpur,3.888329735686702
2022,11,Bharatpur,0.019302450865507127
2022,12,Bharatpur,0.0
2022,1,Bulandshahr,1.1886451999987324
2022,2,Bulandshahr,0.8629744768142701
2022,3,Bulandshahr,0.01264758417683263
2022,4,Bulandshahr,0.0
2022,5,Bulandshahr,0.8725121133750484
2022,6,Bulandshahr,0.28282659471035004
2022,7,Bulandshahr,4.412550181775324
2022,8,Bulandshahr,1.6201964704740432
2022,9,Bulandshahr,4.777112911641598
2022,10,Bulandshahr,4.990444770551497
2022,11,Bulandshahr,0.0
2022,12,Bulandshahr,0.0
2022,1,Faridabad,1.6550594092376771
2022,2,Faridabad,0.6682537123560905
2022,3,Faridabad,0.01391026666087489
2022,4,Faridabad,0.0
2022,5,Faridabad,0.5015814176970913
2022,6,Faridabad,1.1387052744627
2022,7,Faridabad,5.285273364715038
2022,8,Faridabad,1.6448544352766006
2022,9,Faridabad,4.5134224571287636
2022,10,Faridabad,4.13944984251453
2022,11,Faridabad,0.004892004529635109
2022,12,Faridabad,0.0
2022,1,GautamBuddhaNagar,2.016105044272638
2022,2,GautamBuddhaNagar,0.7342661278588432
2022,3,GautamBuddhaNagar,0.0
2022,4,GautamBuddhaNagar,0.0
2022,5,GautamBuddhaNagar,0.35978469300654625
2022,6,GautamBuddhaNagar,0.7172323067982992
2022,7,GautamBuddhaNagar,3.1346738251947586
2022,8,GautamBuddhaNagar,0.4885031157924283
2022,9,GautamBuddhaNagar,3.738027787208557
2022,10,GautamBuddhaNagar,2.91465362545944
2022,11,GautamBuddhaNagar,0.0
2022,12,GautamBuddhaNagar,0.0
2022,1,Ghaziabad,1.7935760694165384
2022,2,Ghaziabad,0.6059444482837405
2022,3,Ghaziabad,0.0
2022,4,Ghaziabad,0.0
2022,5,Ghaziabad,1.009250565882652
2022,6,Ghaziabad,0.9464705715576808
2022,7,Ghaziabad,4.047397274644144
2022,8,Ghaziabad,0.6815510296052502
2022,9,Ghaziabad,3.865457761287689
2022,10,Ghaziabad,3.099115352476797
2022,11,Ghaziabad,0.0
2022,12,Ghaziabad,0.0
2022,1,Gurgaon,3.173124244136195
2022,2,Gurgaon,0.7432024595992905
2022,3,Gurgaon,0.0
2022,4,Gurgaon,0.020453537007172902
2022,5,Gurgaon,1.7397853914768466
2022,6,Gurgaon,0.9091889500617981
2022,7,Gurgaon,7.762278257358458
2022,8,Gurgaon,2.4109984847807113
2022,9,Gurgaon,6.232441608111063
2022,10,Gurgaon,3.1969051740823256
2022,11,Gurgaon,0.0
2022,12,Gurgaon,0.0
2022,1,Hapur,2.949744605008633
2022,2,Hapur,1.2731762799833501
2022,3,Hapur,0.0
2022,4,Hapur,0.0
2022,5,Hapur,1.2466711320223347
2022,6,Hapur,0.9154550552368164
2022,7,Hapur,5.786918833491303
2022,8,Hapur,1.9844100863462495
2022,9,Hapur,4.8985732084761064
2022,10,Hapur,4.653696881186578
2022,11,Hapur,0.0
2022,12,Hapur,0.0
2022,1,Jhajjar,2.9463043515720675
2022,2,Jhajjar,0.503252017001311
2022,3,Jhajjar,0.0
2022,4,Jhajjar,0.0
2022,5,Jhajjar,1.7682210043553384
2022,6,Jhajjar,1.475664392610391
2022,7,Jhajjar,7.290104910571087
2022,8,Jhajjar,1.6555623199029634
2022,9,Jhajjar,6.9333199799060825
2022,10,Jhajjar,1.6066032303597337
2022,11,Jhajjar,0.0
2022,12,Jhajjar,0.0
2022,1,Jind,2.395041923369131
2022,2,Jind,0.8058441536767142
2022,3,Jind,0.0
2022,4,Jind,0.0
2022,5,Jind,0.8783489244599496
2022,6,Jind,1.4446296532948812
2022,7,Jind,7.515952977441972
2022,8,Jind,1.9602029342805185
2022,9,Jind,3.22045294046402
2022,10,Jind,0.2941028014306099
2022,11,Jind,0.0
2022,12,Jind,0.0
2022,1,Meerut,4.614791429331226
2022,2,Meerut,1.6059465911239386
2022,3,Meerut,0.0
2022,4,Meerut,0.0
2022,5,Meerut,1.5277692223748853
2022,6,Meerut,2.4842127619932097
2022,7,Meerut,6.381343651322588
2022,8,Meerut,1.7355030127350362
2022,9,Meerut,6.970273150627812
2022,10,Meerut,6.440010660598356
2022,11,Meerut,0.0
2022,12,Meerut,0.0
2022,1,Mewat,2.3592480135861265
2022,2,Mewat,0.5119111736615499
2022,3,Mewat,0.0
2022,4,Mewat,0.0
2022,5,Mewat,0.8882201064017511
2022,6,Mewat,1.3787661496135923
2022,7,Mewat,5.337572206092138
2022,8,Mewat,3.4241752050897127
2022,9,Mewat,6.86161981307798
2022,10,Mewat,4.496180541412804
2022,11,Mewat,0.02703199717733595
2022,12,Mewat,0.0
2022,1,Muzaffarnagar,3.9579978724641185
2022,2,Muzaffarnagar,1.6352709233095604
2022,3,Muzaffarnagar,0.0
2022,4,Muzaffarnagar,0.0
2022,5,Muzaffarnagar,1.7968688523096423
2022,6,Muzaffarnagar,2.2447299937407177
2022,7,Muzaffarnagar,5.030747968222825
2022,8,Muzaffarnagar,2.246275283696671
2022,9,Muzaffarnagar,7.629402131525179
2022,10,Muzaffarnagar,3.9017555622323865
2022,11,Muzaffarnagar,0.0
2022,12,Muzaffarnagar,0.0
2022,1,Palwal,1.6963365481745811
2022,2,Palwal,0.48609939430441174
2022,3,Palwal,0.014342384953652658
2022,4,Palwal,0.0
2022,5,Palwal,1.112438799873475
2022,6,Palwal,0.8092363561193149
2022,7,Palwal,5.152226242687433
2022,8,Palwal,2.262649310692664
2022,9,Palwal,5.6816288729508715
2022,10,Palwal,4.608404384986047
2022,11,Palwal,0.0
2022,12,Palwal,0.0
2022,1,Panipat,2.7549040846286283
2022,2,Panipat,0.47460368062768665
2022,3,Panipat,0.0
2022,4,Panipat,0.0
2022,5,Panipat,0.852012490072558
2022,6,Panipat,1.1077801937858263
2022,7,Panipat,4.728424697633712
2022,8,Panipat,2.485266459565009
2022,9,Panipat,4.539262243111929
2022,10,Panipat,0.6158277430842
2022,11,Panipat,0.0
2022,12,Panipat,0.0
2022,1,Rewari,2.8482498367947917
2022,2,Rewari,0.4654222402189459
2022,3,Rewari,0.0
2022,4,Rewari,0.04527894655863444
2022,5,Rewari,1.32840441792242
2022,6,Rewari,1.7653394150237243
2022,7,Rewari,9.08985274092805
2022,8,Rewari,1.8631343681725763
2022,9,Rewari,8.109753161172073
2022,10,Rewari,2.8971296779571043
2022,11,Rewari,0.0
2022,12,Rewari,0.0
2022,1,Rohtak,2.4048064178036106
2022,2,Rohtak,0.719489689384188
2022,3,Rohtak,0.0
2022,4,Rohtak,0.019205249845981598
2022,5,Rohtak,1.1993650967074978
2022,6,Rohtak,1.2885862216353416
2022,7,Rohtak,9.96049977454447
2022,8,Rohtak,1.5327024690566524
2022,9,Rohtak,7.1852404296398165
2022,10,Rohtak,0.7393201695334527
2022,11,Rohtak,0.0
2022,12,Rohtak,0.0
2022,1,Shamli,3.0102355326375654
2022,2,Shamli,1.103320078658206
2022,3,Shamli,0.0
2022,4,Shamli,0.0
2022,5,Shamli,1.1870132362650287
2022,6,Shamli,1.9878608266512552
2022,7,Shamli,4.581570599348314
2022,8,Shamli,2.152491834855849
2022,9,Shamli,5.861084979275862
2022,10,Shamli,0.9642398434300576
2022,11,Shamli,0.0
2022,12,Shamli,0.0
2022,1,Sonipat,2.5356123630077607
2022,2,Sonipat,0.6189581281727269
2022,3,Sonipat,0.0
2022,4,Sonipat,0.0
2022,5,Sonipat,1.387758567208244
2022,6,Sonipat,0.6810102982653511
2022,7,Sonipat,6.660932467509342
2022,8,Sonipat,3.091362272218991
2022,9,Sonipat,4.542406993442111
2022,10,Sonipat,0.9768372820590131
2022,11,Sonipat,0.0
2022,12,Sonipat,0.0
2022,1,West,2.0238798138915852
2022,2,West,0.5963448183167549
2022,3,West,0.0
2022,4,West,0.0
2022,5,West,1.735732761922703
2022,6,West,0.7011957022878857
2022,7,West,5.920758978173297
2022,8,West,1.6875413443132112
2022,9,West,5.0453827285104325
2022,10,West,3.1871595675906828
2022,11,West,0.0
2022,12,West,0.0
2023,1,Alwar,0.6572961690685442
2023,2,Alwar,0.0
2023,3,Alwar,1.029616168464109
2023,4,Alwar,0.3432908223853224
2023,5,Alwar,1.1681610048332247
2023,6,Alwar,2.9913174524903297
2023,7,Alwar,7.71931040012342
2023,8,Alwar,3.3130055442109083
2023,9,Alwar,1.7149185986036346
2023,10,Alwar,0.2735988467519734
2023,11,Alwar,0.18636303054434913
2023,12,Alwar,0.022994418984733967
2023,1,Baghpat,0.17460137425411132
2023,2,Baghpat,0.0
2023,3,Baghpat,1.5976497165618404
2023,4,Baghpat,0.2570323484639327
2023,5,Baghpat,1.3524522682832134
2023,6,Baghpat,2.851476177821557
2023,7,Baghpat,13.302590517913021
2023,8,Baghpat,5.520182990979764
2023,9,Baghpat,1.5643637523055076
2023,10,Baghpat,0.11677749695316439
2023,11,Baghpat,0.037054787824551266
2023,12,Baghpat,0.00022126366234113872
2023,1,Bharatpur,0.4244714513901741
2023,2,Bharatpur,0.0
2023,3,Bharatpur,1.4249930762715879
2023,4,Bharatpur,0.1746653962880373
2023,5,Bharatpur,0.6360343512628348
2023,6,Bharatpur,1.6786579833055535
2023,7,Bharatpur,6.08328478759335
2023,8,Bharatpur,3.7491197717045583
2023,9,Bharatpur,2.755962890634934
2023,10,Bharatpur,0.3542833289792461
2023,11,Bharatpur,0.07242171205580235
2023,12,Bharatpur,0.05142985043987151
2023,1,Bulandshahr,0.34984189694927587
2023,2,Bulandshahr,0.0
2023,3,Bulandshahr,0.9863006401086046
2023,4,Bulandshahr,0.4943825925389926
2023,5,Bulandshahr,1.7532093103494375
2023,6,Bulandshahr,1.714826857317239
2023,7,Bulandshahr,6.441809732120695
2023,8,Bulandshahr,6.466703766716584
2023,9,Bulandshahr,3.280391385635982
2023,10,Bulandshahr,0.12307996596059488
2023,11,Bulandshahr,0.056944218985736365
2023,12,Bulandshahr,0.02334230878660756
2023,1,Faridabad,0.29822968811758105
2023,2,Faridabad,0.0
2023,3,Faridabad,1.8903324942915671
2023,4,Faridabad,0.19268349856138228
2023,5,Faridabad,1.6271794396302393
2023,6,Faridabad,2.2704515864451724
2023,7,Faridabad,5.628318202591712
2023,8,Faridabad,2.000929991564443
2023,9,Faridabad,2.0897418042023976
2023,10,Faridabad,0.07865838081605975
2023,11,Faridabad,0.08425064732631048
2023,12,Faridabad,0.039372897917224516
2023,1,GautamBuddhaNagar,0.21726534599738737
2023,2,GautamBuddhaNagar,0.0
2023,3,GautamBuddhaNagar,1.1326391312383837
2023,4,GautamBuddhaNagar,0.15381444195906321
2023,5,GautamBuddhaNagar,1.114780785095307
2023,6,GautamBuddhaNagar,0.9215517729520798
2023,7,GautamBuddhaNagar,6.095108212482545
2023,8,GautamBuddhaNagar,2.8625332181972842
2023,9,GautamBuddhaNagar,1.04199232061704
2023,10,GautamBuddhaNagar,0.022445163419169765
2023,11,GautamBuddhaNagar,0.10222700449327628
2023,12,GautamBuddhaNagar,0.015872801503827492
2023,1,Ghaziabad,0.07355820663994359
2023,2,Ghaziabad,0.0
2023,3,Ghaziabad,1.2476132685138333
2023,4,Ghaziabad,0.2536420886715253
2023,5,Ghaziabad,1.2583048210869874
2023,6,Ghaziabad,1.8053444102406502
2023,7,Ghaziabad,5.7629206241258695
2023,8,Ghaziabad,1.6750914935142762
2023,9,Ghaziabad,1.0844043225049973
2023,10,Ghaziabad,0.2055151693282589
2023,11,Ghaziabad,0.05812167233477036
2023,12,Ghaziabad,0.01088305442563949
2023,1,Gurgaon,0.7791817572809034
2023,2,Gurgaon,0.0
2023,3,Gurgaon,2.3895862304395243
2023,4,Gurgaon,0.41458013545100886
2023,5,Gurgaon,2.9284825566555224
2023,6,Gurgaon,4.364643600086371
2023,7,Gurgaon,9.014493762725785
2023,8,Gurgaon,2.9082745746258767
2023,9,Gurgaon,2.9204197665055593
2023,10,Gurgaon,0.14871338875063003
2023,11,Gurgaon,0.4020778020222982
2023,12,Gurgaon,0.0018171180159814871
2023,1,Hapur,0.21421449412141116
2023,2,Hapur,0.0
2023,3,Hapur,1.2012654595798062
2023,4,Hapur,0.4287658676505089
2023,5,Hapur,1.5990834521249897
2023,6,Hapur,2.577366172336042
2023,7,Hapur,7.477243103913121
2023,8,Hapur,3.073895984058899
2023,9,Hapur,1.7670304864645003
2023,10,Hapur,0.18310366138335196
2023,11,Hapur,0.03680465522532662
2023,12,Hapur,0.00016533999493525807
2023,1,Jhajjar,0.4484266568255681
2023,2,Jhajjar,0.0
2023,3,Jhajjar,1.9865946311463591
2023,4,Jhajjar,0.42976795012752217
2023,5,Jhajjar,1.8643595420865604
2023,6,Jhajjar,4.515147717379861
2023,7,Jhajjar,5.788193078210917
2023,8,Jhajjar,1.532288956806384
2023,9,Jhajjar,1.588902826814188
2023,10,Jhajjar,0.09473297672887002
2023,11,Jhajjar,0.4550409887399939
2023,12,Jhajjar,0.009578836861477103
2023,1,Jind,0.36093312117361254
2023,2,Jind,0.0
2023,3,Jind,0.8830458502615651
2023,4,Jind,0.47945420841375985
2023,5,Jind,1.0284193561923118
2023,6,Jind,3.2292980591456097
2023,7,Jind,6.670421963737857
2023,8,Jind,2.523557153440291
2023,9,Jind,0.25010650753974917
2023,10,Jind,0.1794338687773674
2023,11,Jind,0.07211450636386871
2023,12,Jind,0.0157997848526124
2023,1,Meerut,0.4191484821419562
2023,2,Meerut,0.0
2023,3,Meerut,2.8725813925266266
2023,4,Meerut,0.38650262001901864
2023,5,Meerut,2.502492623583924
2023,6,Meerut,5.109695527205864
2023,7,Meerut,14.209923415865388
2023,8,Meerut,7.337834738375198
2023,9,Meerut,4.251767198834568
2023,10,Meerut,0.5636581759299001
2023,11,Meerut,0.03911492933208744
2023,12,Meerut,0.0027695121393809387
2023,1,Mewat,0.5962514159499959
2023,2,Mewat,0.0
2023,3,Mewat,1.6326097881281247
2023,4,Mewat,0.23994086533784867
2023,5,Mewat,1.380475111145486
2023,6,Mewat,3.4839252149893176
2023,7,Mewat,7.220165434383577
2023,8,Mewat,2.5466287655215107
2023,9,Mewat,2.0924739606678484
2023,10,Mewat,0.15007590478466404
2023,11,Mewat,0.105792725748486
2023,12,Mewat,0.03906776764059579
2023,1,Muzaffarnagar,0.4219665908585152
2023,2,Muzaffarnagar,0.0
2023,3,Muzaffarnagar,2.6054422552547147
2023,4,Muzaffarnagar,0.4922880093877514
2023,5,Muzaffarnagar,2.842373943482075
2023,6,Muzaffarnagar,3.512359742820263
2023,7,Muzaffarnagar,14.258024553903528
2023,8,Muzaffarnagar,6.945531986052951
2023,9,Muzaffarnagar,4.226755628144989
2023,10,Muzaffarnagar,0.7759985154674899
2023,11,Muzaffarnagar,0.07733475953961412
2023,12,Muzaffarnagar,0.0003190799240743903
2023,1,Palwal,0.3608488998105449
2023,2,Palwal,0.0
2023,3,Palwal,1.3622960659765428
2023,4,Palwal,0.20325120389461518
2023,5,Palwal,2.091206855110584
2023,6,Palwal,2.5004550613462926
2023,7,Palwal,5.023989232797777
2023,8,Palwal,2.5046694538285657
2023,9,Palwal,2.7545827098190783
2023,10,Palwal,0.11093557265497023
2023,11,Palwal,0.0917743464310964
2023,12,Palwal,0.027525877279620015
2023,1,Panipat,0.20813285150835592
2023,2,Panipat,0.0
2023,3,Panipat,1.3502855368198887
2023,4,Panipat,0.8130551238854726
2023,5,Panipat,1.3032870831028107
2023,6,Panipat,4.062768019239107
2023,7,Panipat,11.138140068900201
2023,8,Panipat,1.3637038257814222
2023,9,Panipat,0.9203789422909419
2023,10,Panipat,0.08577339879928096
2023,11,Panipat,0.12360403339068095
2023,12,Panipat,0.0458531879609631
2023,1,Rewari,0.765548090780935
2023,2,Rewari,0.0
2023,3,Rewari,2.26822059721716
2023,4,Rewari,0.44424056224524977
2023,5,Rewari,2.1635189396479437
2023,6,Rewari,4.231994260475039
2023,7,Rewari,6.958313820402949
2023,8,Rewari,1.822721193154012
2023,9,Rewari,1.9471315019531175
2023,10,Rewari,0.2453413163461993
2023,11,Rewari,0.37170007278521855
2023,12,Rewari,0.011318655143822392
2023,1,Rohtak,0.410097004875781
2023,2,Rohtak,0.0
2023,3,Rohtak,1.54555366236356
2023,4,Rohtak,0.4979156414667765
2023,5,Rohtak,2.8271713813826924
2023,6,Rohtak,4.9881891747315725
2023,7,Rohtak,6.794847413897514
2023,8,Rohtak,1.491655826087921
2023,9,Rohtak,0.5333520114421845
2023,10,Rohtak,0.025151588263050202
2023,11,Rohtak,0.5144264378895361
2023,12,Rohtak,0.00578386168326101
2023,1,Shamli,0.16820894866701094
2023,2,Shamli,0.0
2023,3,Shamli,1.0846506857102918
2023,4,Shamli,0.18456329517066478
2023,5,Shamli,0.8842238024357827
2023,6,Shamli,1.4222371876239777
2023,7,Shamli,6.847769346929366
2023,8,Shamli,2.9570618291055
2023,9,Shamli,0.8028203028564652
2023,10,Shamli,0.11847805207775483
2023,11,Shamli,0.00820650185147921
2023,12,Shamli,0.0
2023,1,Sonipat,0.33020205843833184
2023,2,Sonipat,0.0
2023,3,Sonipat,1.965521202132266
2023,4,Sonipat,0.5309579672084915
2023,5,Sonipat,1.683933759488726
2023,6,Sonipat,5.2044275359147125
2023,7,Sonipat,8.904118796830536
2023,8,Sonipat,0.9706595166716524
2023,9,Sonipat,1.1030068024992943
2023,10,Sonipat,0.09804088325910672
2023,11,Sonipat,0.11963014486763211
2023,12,Sonipat,0.06509126242130034
2023,1,West,0.3613474667072296
2023,2,West,0.0
2023,3,West,1.5246118330947493
2023,4,West,0.2116103182650275
2023,5,West,2.543744721800409
2023,6,West,3.566698999930587
2023,7,West,8.893627766239385
2023,8,West,2.869508175740159
2023,9,West,3.2874107184095513
2023,10,West,0.21313933403261245
2023,11,West,0.2682402364081807
2023,12,West,0.0018649984111068065
2024,1,Alwar,0.0
2024,2,Alwar,0.2444763947241379
2024,3,Alwar,0.07078953851612903
2024,4,Alwar,0.0257154522
2024,5,Alwar,0.03676623322580645
2024,6,Alwar,2.252786125666667
2024,7,Alwar,6.518919271903226
2024,8,Alwar,13.697508202580645
2024,9,Alwar,6.370720214266667
2024,10,Alwar,0.09066602193548387
2024,11,Alwar,0.0
2024,12,Alwar,0.5135815653225807
2024,1,Baghpat,0.0
2024,2,Baghpat,0.8042928310344828
2024,3,Baghpat,0.32993370967741936
2024,4,Baghpat,0.015031305
2024,5,Baghpat,0.028793296774193546
2024,6,Baghpat,1.2556494182666669
2024,7,Baghpat,4.154750917193549
2024,8,Baghpat,3.4924337402258065
2024,9,Baghpat,6.491533223866667
2024,10,Baghpat,0.00758033129032258
2024,11,Baghpat,0.0
2024,12,Baghpat,1.2622300959354837
2024,1,Bharatpur,0.0
2024,2,Bharatpur,0.30716150310344825
2024,3,Bharatpur,0.1204511570967742
2024,4,Bharatpur,0.0
2024,5,Bharatpur,0.029017580322580644
2024,6,Bharatpur,3.889961331666667
2024,7,Bharatpur,4.293774967451613
2024,8,Bharatpur,9.529381578709677
2024,9,Bharatpur,5.909424328666666
2024,10,Bharatpur,0.02108828387096774
2024,11,Bharatpur,0.0
2024,12,Bharatpur,0.1309131806451613
2024,1,Bulandshahr,0.0041354490322580645
2024,2,Bulandshahr,0.45752394965517246
2024,3,Bulandshahr,0.4039384822580645
2024,4,Bulandshahr,0.06896852133333334
2024,5,Bulandshahr,0.00792588664516129
2024,6,Bulandshahr,2.7672323440000004
2024,7,Bulandshahr,4.0335806826451615
2024,8,Bulandshahr,5.275126935354839
2024,9,Bulandshahr,11.315805478700002
2024,10,Bulandshahr,0.0
2024,11,Bulandshahr,0.0
2024,12,Bulandshahr,0.15518669296774196
2024,1,Faridabad,0.0024209306451612902
2024,2,Faridabad,0.5120779120689655
2024,3,Faridabad,0.4067783267741935
2024,4,Faridabad,0.04133735433333333
2024,5,Faridabad,0.029543719903225806
2024,6,Faridabad,1.001987302
2024,7,Faridabad,3.118243502903226
2024,8,Faridabad,4.965923556129033
2024,9,Faridabad,8.04692352
2024,10,Faridabad,0.0
2024,11,Faridabad,0.0
2024,12,Faridabad,0.16609879187096774
2024,1,GautamBuddhaNagar,0.0012558560322580646
2024,2,GautamBuddhaNagar,0.7215872379310345
2024,3,GautamBuddhaNagar,0.48513522348387095
2024,4,GautamBuddhaNagar,0.04864323466666667
2024,5,GautamBuddhaNagar,0.002293211032258064
2024,6,GautamBuddhaNagar,0.795978274
2024,7,GautamBuddhaNagar,2.7700951445161293
2024,8,GautamBuddhaNagar,4.73441590032258
2024,9,GautamBuddhaNagar,6.880459562866666
2024,10,GautamBuddhaNagar,0.0
2024,11,GautamBuddhaNagar,0.0
2024,12,GautamBuddhaNagar,0.2046130010967742
2024,1,Ghaziabad,0.0
2024,2,Ghaziabad,0.6484290857586207
2024,3,Ghaziabad,0.3026678983870968
2024,4,Ghaziabad,0.0593610538
2024,5,Ghaziabad,0.0
2024,6,Ghaziabad,1.4804382139666667
2024,7,Ghaziabad,3.3140283338064513
2024,8,Ghaziabad,3.663055452096774
2024,9,Ghaziabad,5.563011032333334
2024,10,Ghaziabad,0.0
2024,11,Ghaziabad,0.0
2024,12,Ghaziabad,0.27277275141935486
2024,1,Gurgaon,0.0024008777419354836
2024,2,Gurgaon,1.022765422137931
2024,3,Gurgaon,0.17489019896774197
2024,4,Gurgaon,0.6464092923333333
2024,5,Gurgaon,0.0040577558064516135
2024,6,Gurgaon,5.735618287666667
2024,7,Gurgaon,4.974268052903226
2024,8,Gurgaon,12.45413243548387
2024,9,Gurgaon,5.8609558364
2024,10,Gurgaon,0.0
2024,11,Gurgaon,0.0
2024,12,Gurgaon,1.7143050651612903
2024,1,Hapur,0.0
2024,2,Hapur,0.6457854575689655
2024,3,Hapur,0.3070884489032258
2024,4,Hapur,0.06952393346666666
2024,5,Hapur,0.0
2024,6,Hapur,2.18663009
2024,7,Hapur,3.978313207354839
2024,8,Hapur,3.3252074926451614
2024,9,Hapur,6.655346092533334
2024,10,Hapur,0.0
2024,11,Hapur,0.0
2024,12,Hapur,0.22960889796774192
2024,1,Jhajjar,0.0
2024,2,Jhajjar,0.7099731882758621
2024,3,Jhajjar,0.37096677193548383
2024,4,Jhajjar,0.149141857
2024,5,Jhajjar,0.01587890419354839
2024,6,Jhajjar,1.8608216189999998
2024,7,Jhajjar,2.514888733935484
2024,8,Jhajjar,8.201963052225805
2024,9,Jhajjar,5.326758935
2024,10,Jhajjar,0.0009951223225806451
2024,11,Jhajjar,0.0
2024,12,Jhajjar,1.8301078512903226
2024,1,Jind,0.0
2024,2,Jind,0.5302396355172414
2024,3,Jind,0.48131880903225804
2024,4,Jind,0.03265288933333333
2024,5,Jind,0.46147622580645165
2024,6,Jind,0.6334447523333334
2024,7,Jind,0.9065770851612904
2024,8,Jind,4.911232903225806
2024,9,Jind,1.3960090866666666
2024,10,Jind,0.0
2024,11,Jind,0.0
2024,12,Jind,0.7009754758064516
2024,1,Meerut,0.0
2024,2,Meerut,0.828116587586207
2024,3,Meerut,0.6224602729032258
2024,4,Meerut,0.027536720466666668
2024,5,Meerut,0.0
2024,6,Meerut,1.807816531
2024,7,Meerut,8.641385934645161
2024,8,Meerut,5.748506468709677
2024,9,Meerut,8.842987285466668
2024,10,Meerut,0.0
2024,11,Meerut,0.0
2024,12,Meerut,1.0672890532258064
2024,1,Mewat,0.0
2024,2,Mewat,0.4002267431034483
2024,3,Mewat,0.2106159969032258
2024,4,Mewat,0.025100807033333332
2024,5,Mewat,0.06574312903225807
2024,6,Mewat,2.8846071589999998
2024,7,Mewat,4.503427340322581
2024,8,Mewat,9.752330117870967
2024,9,Mewat,7.246533993666666
2024,10,Mewat,0.22879159032258065
2024,11,Mewat,0.0
2024,12,Mewat,0.5847087389677419
2024,1,Muzaffarnagar,0.0
2024,2,Muzaffarnagar,0.6175677648275861
2024,3,Muzaffarnagar,0.935765940967742
2024,4,Muzaffarnagar,0.0022473269
2024,5,Muzaffarnagar,0.0
2024,6,Muzaffarnagar,1.5268899166666665
2024,7,Muzaffarnagar,7.856386891558064
2024,8,Muzaffarnagar,5.063897954032258
2024,9,Muzaffarnagar,7.824824027000001
2024,10,Muzaffarnagar,0.01451266
2024,11,Muzaffarnagar,0.0
2024,12,Muzaffarnagar,1.3852360164516129
2024,1,Palwal,0.0
2024,2,Palwal,0.5302317406896552
2024,3,Palwal,0.40714279903225803
2024,4,Palwal,0.05586332333333333
2024,5,Palwal,0.01863923419354839
2024,6,Palwal,0.9679566653333332
2024,7,Palwal,3.1299169718064515
2024,8,Palwal,5.104432921129033
2024,9,Palwal,6.860634416666667
2024,10,Palwal,0.0
2024,11,Palwal,0.0
2024,12,Palwal,0.2422703406451613
2024,1,Panipat,0.0
2024,2,Panipat,0.4186476748275862
2024,3,Panipat,0.20481730967741935
2024,4,Panipat,0.02988930233333333
2024,5,Panipat,0.5857885483870968
2024,6,Panipat,2.5184728401333336
2024,7,Panipat,2.145040193032258
2024,8,Panipat,7.825915225806452
2024,9,Panipat,4.244236529
2024,10,Panipat,0.0
2024,11,Panipat,0.0
2024,12,Panipat,1.139626510645161
2024,1,Rewari,0.0
2024,2,Rewari,0.36308657586206894
2024,3,Rewari,0.12703999677419356
2024,4,Rewari,0.12009648999999999
2024,5,Rewari,0.0011714506451612904
2024,6,Rewari,1.5540446128333334
2024,7,Rewari,3.240431510967742
2024,8,Rewari,9.857599721290324
2024,9,Rewari,8.093118093333333
2024,10,Rewari,0.0
2024,11,Rewari,0.0
2024,12,Rewari,1.2070056169032257
2024,1,Rohtak,0.0
2024,2,Rohtak,0.7610759664482758
2024,3,Rohtak,0.4558213935483871
2024,4,Rohtak,0.13611482066666666
2024,5,Rohtak,0.11849106838709679
2024,6,Rohtak,1.3646792046666667
2024,7,Rohtak,2.1336010906451612
2024,8,Rohtak,6.298971151290322
2024,9,Rohtak,3.1489056246666665
2024,10,Rohtak,0.013549206451612903
2024,11,Rohtak,0.0
2024,12,Rohtak,0.9675647151612904
2024,1,Shamli,0.0
2024,2,Shamli,0.12118771103448275
2024,3,Shamli,0.192420364516129
2024,4,Shamli,0.0
2024,5,Shamli,0.0
2024,6,Shamli,1.0080148086666667
2024,7,Shamli,2.684667195032258
2024,8,Shamli,3.6649999512903224
2024,9,Shamli,3.5545634466666667
2024,10,Shamli,0.09167287096774193
2024,11,Shamli,0.0
2024,12,Shamli,1.1100485558064515
2024,1,Sonipat,0.0
2024,2,Sonipat,0.6702407298275862
2024,3,Sonipat,0.3929705141935484
2024,4,Sonipat,0.05432573766666667
2024,5,Sonipat,0.20691902258064515
2024,6,Sonipat,1.586136639
2024,7,Sonipat,2.2500100132258063
2024,8,Sonipat,6.734402565806452
2024,9,Sonipat,4.147543493333333
2024,10,Sonipat,0.0
2024,11,Sonipat,0.0
2024,12,Sonipat,1.2680858658516128
2024,1,West,0.0010593735483870968
2024,2,West,0.8002449736551724
2024,3,West,0.3243108119677419
2024,4,West,0.22785443973333336
2024,5,West,0.03377470806451613
2024,6,West,2.1213026616
2024,7,West,4.035749944258065
2024,8,West,8.615761082806452
2024,9,West,4.483556939333334
2024,10,West,0.0
2024,11,West,0.0
2024,12,West,1.029953907967742
