district_geojson,month,currentlevel,level_diff,TIME_ISO
Alwar,2013-01,24.107368421052634,-2.9660526315789477,2013-01-01T00:00:00
Alwar,2013-05,28.714,2.2916666666666665,2013-05-01T00:00:00
Alwar,2013-08,25.32829787234043,-0.8880851063829788,2013-08-01T00:00:00
Alwar,2013-09,16.655,0.0,2013-09-01T00:00:00
Alwar,2013-10,16.655,0.0,2013-10-01T00:00:00
Alwar,2013-11,20.361685393258426,0.27977528089887643,2013-11-01T00:00:00
Alwar,2013-12,16.675,0.0,2013-12-01T00:00:00
Alwar,2014-01,20.87391304347826,0.22184782608695652,2014-01-01T00:00:00
Alwar,2014-02,16.72,0.0,2014-02-01T00:00:00
Alwar,2014-03,16.72,0.0,2014-03-01T00:00:00
Alwar,2014-04,16.72,0.0,2014-04-01T00:00:00
Alwar,2014-05,21.119468085106384,0.2720212765957447,2014-05-01T00:00:00
Alwar,2014-06,16.935,0.0,2014-06-01T00:00:00
Alwar,2014-07,16.935,0.0,2014-07-01T00:00:00
Alwar,2014-08,21.121875,0.06291666666666666,2014-08-01T00:00:00
Alwar,2014-09,17.06,0.0,2014-09-01T00:00:00
Alwar,2014-10,17.06,0.0,2014-10-01T00:00:00
Alwar,2014-11,21.82698924731183,0.015268817204301056,2014-11-01T00:00:00
Alwar,2014-12,17.295,0.0,2014-12-01T00:00:00
Alwar,2015-01,22.149468085106385,0.19893617021276594,2015-01-01T00:00:00
Alwar,2015-02,17.535,0.0,2015-02-01T00:00:00
Alwar,2015-03,17.535,0.0,2015-03-01T00:00:00
Alwar,2015-04,17.535,0.0,2015-04-01T00:00:00
Alwar,2015-05,22.31288888888889,0.11111111111111109,2015-05-01T00:00:00
Alwar,2015-06,19.634999999999998,0.0,2015-06-01T00:00:00
Alwar,2015-07,19.634999999999998,0.0,2015-07-01T00:00:00
Alwar,2015-08,22.310561797752808,0.030337078651685386,2015-08-01T00:00:00
Alwar,2015-09,19.459999999999997,0.0,2015-09-01T00:00:00
Alwar,2015-10,19.459999999999997,0.0,2015-10-01T00:00:00
Alwar,2015-11,23.79494382022472,0.17797752808988765,2015-11-01T00:00:00
Alwar,2015-12,19.755,0.0,2015-12-01T00:00:00
Alwar,2016-01,20.805820895522388,0.031343283582089564,2016-01-01T00:00:00
Alwar,2016-02,20.104999999999997,0.0,2016-02-01T00:00:00
Alwar,2016-03,20.105,0.0,2016-03-01T00:00:00
Alwar,2016-04,20.105,0.0,2016-04-01T00:00:00
Alwar,2016-05,23.377209302325582,0.603139534883721,2016-05-01T00:00:00
Alwar,2016-06,21.01,0.0,2016-06-01T00:00:00
Alwar,2016-07,21.01,0.0,2016-07-01T00:00:00
Alwar,2016-08,23.375955056179777,-0.72,2016-08-01T00:00:00
Alwar,2016-09,17.915,0.0,2016-09-01T00:00:00
Alwar,2016-10,17.915,0.0,2016-10-01T00:00:00
Alwar,2016-11,18.966164383561644,0.3868493150684932,2016-11-01T00:00:00
Alwar,2016-12,18.015,0.0,2016-12-01T00:00:00
Alwar,2017-01,23.321379310344827,0.866551724137931,2017-01-01T00:00:00
Alwar,2017-02,18.509999999999998,0.0,2017-02-01T00:00:00
Alwar,2017-03,18.509999999999998,0.0,2017-03-01T00:00:00
Alwar,2017-04,18.509999999999998,0.0,2017-04-01T00:00:00
Alwar,2017-05,24.066067415730338,0.6233707865168538,2017-05-01T00:00:00
Alwar,2017-06,19.1,0.0,2017-06-01T00:00:00
Alwar,2017-07,19.1,0.0,2017-07-01T00:00:00
Alwar,2017-08,24.639886363636364,0.23852272727272725,2017-08-01T00:00:00
Alwar,2017-09,20.435000000000002,0.0,2017-09-01T00:00:00
Alwar,2017-10,20.435,0.0,2017-10-01T00:00:00
Alwar,2017-11,26.375591397849465,-0.6023655913978495,2017-11-01T00:00:00
Alwar,2017-12,20.884999999999998,0.0,2017-12-01T00:00:00
Alwar,2018-01,26.213978494623657,0.16881720430107527,2018-01-01T00:00:00
Alwar,2018-02,21.385,0.0,2018-02-01T00:00:00
Alwar,2018-03,21.385,0.0,2018-03-01T00:00:00
Alwar,2018-04,21.385,0.0,2018-04-01T00:00:00
Alwar,2018-05,26.49285714285714,0.12692307692307694,2018-05-01T00:00:00
Alwar,2018-06,22.245,0.0,2018-06-01T00:00:00
Alwar,2018-07,22.245,0.0,2018-07-01T00:00:00
Alwar,2018-08,24.83705128205128,-0.3019230769230769,2018-08-01T00:00:00
Alwar,2018-09,21.31,0.0,2018-09-01T00:00:00
Alwar,2018-10,21.31,0.0,2018-10-01T00:00:00
Alwar,2018-11,21.31,0.0,2018-11-01T00:00:00
Alwar,2018-12,21.31,0.0,2018-12-01T00:00:00
Alwar,2019-01,25.636315789473684,0.4546052631578947,2019-01-01T00:00:00
Alwar,2019-02,22.935,0.0,2019-02-01T00:00:00
Alwar,2019-03,22.935,0.0,2019-03-01T00:00:00
Alwar,2019-04,22.935,0.0,2019-04-01T00:00:00
Alwar,2019-05,26.774675324675325,0.7292207792207792,2019-05-01T00:00:00
Alwar,2019-06,22.91,0.0,2019-06-01T00:00:00
Alwar,2019-07,22.91,0.0,2019-07-01T00:00:00
Alwar,2019-08,25.5676,-1.0326666666666666,2019-08-01T00:00:00
Alwar,2019-09,22.4,0.0,2019-09-01T00:00:00
Alwar,2019-10,22.4,0.0,2019-10-01T00:00:00
Alwar,2019-11,26.22142857142857,0.10259740259740259,2019-11-01T00:00:00
Alwar,2019-12,23.91,0.0,2019-12-01T00:00:00
Alwar,2020-01,26.2748,0.018400000000000003,2020-01-01T00:00:00
Alwar,2020-02,23.264999999999997,0.0,2020-02-01T00:00:00
Alwar,2020-03,23.264999999999997,0.0,2020-03-01T00:00:00
Alwar,2020-04,23.264999999999997,0.0,2020-04-01T00:00:00
Alwar,2020-05,23.264999999999997,0.0,2020-05-01T00:00:00
Alwar,2020-06,23.264999999999997,0.0,2020-06-01T00:00:00
Alwar,2020-07,23.264999999999997,0.0,2020-07-01T00:00:00
Alwar,2020-08,25.483846153846155,0.3988461538461539,2020-08-01T00:00:00
Alwar,2020-09,23.27,0.0,2020-09-01T00:00:00
Alwar,2020-10,23.27,0.0,2020-10-01T00:00:00
Alwar,2020-11,26.084266666666664,0.2437333333333333,2020-11-01T00:00:00
Alwar,2020-12,23.535,0.0,2020-12-01T00:00:00
Alwar,2021-01,25.697105263157894,0.3332894736842105,2021-01-01T00:00:00
Alwar,2021-02,23.77,0.0,2021-02-01T00:00:00
Alwar,2021-03,23.77,0.0,2021-03-01T00:00:00
Alwar,2021-04,23.770000000000003,0.0,2021-04-01T00:00:00
Alwar,2021-05,23.893684210526317,0.24736842105263157,2021-05-01T00:00:00
Baghpat,2013-01,20.9,-0.24,2013-01-01T00:00:00
Baghpat,2013-05,26.75,4.45,2013-05-01T00:00:00
Baghpat,2013-08,24.795,1.67,2013-08-01T00:00:00
Baghpat,2013-11,25.3,-1.89,2013-11-01T00:00:00
Baghpat,2014-01,21.725,-2.125,2014-01-01T00:00:00
Baghpat,2014-05,25.47,3.52,2014-05-01T00:00:00
Baghpat,2015-05,22.58,1.08,2015-05-01T00:00:00
Baghpat,2015-08,22.07,-0.51,2015-08-01T00:00:00
Baghpat,2015-11,19.05,-3.02,2015-11-01T00:00:00
Baghpat,2016-05,24.35,5.3,2016-05-01T00:00:00
Baghpat,2019-01,21.05,-3.3,2019-01-01T00:00:00
Baghpat,2019-05,19.55,-1.5,2019-05-01T00:00:00
Baghpat,2019-08,20.7,1.15,2019-08-01T00:00:00
Baghpat,2019-11,27.0,4.2,2019-11-01T00:00:00
Baghpat,2020-01,24.67,-2.33,2020-01-01T00:00:00
Baghpat,2020-08,29.835,5.165,2020-08-01T00:00:00
Baghpat,2020-11,28.225,-1.6099999999999999,2020-11-01T00:00:00
Baghpat,2021-01,28.07,-0.15500000000000003,2021-01-01T00:00:00
Bharatpur,2013-01,10.617234042553191,-1.0114893617021274,2013-01-01T00:00:00
Bharatpur,2013-05,11.453125,1.10875,2013-05-01T00:00:00
Bharatpur,2013-08,9.347878787878788,-2.2390909090909092,2013-08-01T00:00:00
Bharatpur,2013-11,10.304,0.38,2013-11-01T00:00:00
Bharatpur,2014-01,12.289375,2.46875,2014-01-01T00:00:00
Bharatpur,2014-05,13.553225806451612,0.5103225806451613,2014-05-01T00:00:00
Bharatpur,2014-08,11.86057142857143,-0.9962857142857144,2014-08-01T00:00:00
Bharatpur,2014-11,12.873225806451613,0.974516129032258,2014-11-01T00:00:00
Bharatpur,2015-01,14.092,0.26160000000000005,2015-01-01T00:00:00
Bharatpur,2015-05,13.682666666666668,0.4133333333333333,2015-05-01T00:00:00
Bharatpur,2015-08,12.484,0.23366666666666666,2015-08-01T00:00:00
Bharatpur,2015-11,12.871290322580645,0.13935483870967744,2015-11-01T00:00:00
Bharatpur,2016-01,8.15,-0.019999999999999997,2016-01-01T00:00:00
Bharatpur,2016-05,13.826785714285714,1.0303571428571427,2016-05-01T00:00:00
Bharatpur,2016-08,11.091875,-2.634375,2016-08-01T00:00:00
Bharatpur,2016-11,13.316296296296297,2.7107407407407407,2016-11-01T00:00:00
Bharatpur,2017-01,9.614230769230769,-1.3384615384615386,2017-01-01T00:00:00
Bharatpur,2017-05,13.2475,0.8167857142857143,2017-05-01T00:00:00
Bharatpur,2017-08,14.382068965517242,1.3203448275862069,2017-08-01T00:00:00
Bharatpur,2017-11,14.449375,-0.5890625,2017-11-01T00:00:00
Bharatpur,2018-01,15.86090909090909,1.2987878787878788,2018-01-01T00:00:00
Bharatpur,2018-05,14.752758620689654,-1.293103448275862,2018-05-01T00:00:00
Bharatpur,2018-08,16.30818181818182,-0.4690909090909093,2018-08-01T00:00:00
Bharatpur,2018-10,2.9,-0.05,2018-10-01T00:00:00
Bharatpur,2019-01,16.398636363636363,1.0545454545454545,2019-01-01T00:00:00
Bharatpur,2019-05,15.824285714285715,-0.5833333333333333,2019-05-01T00:00:00
Bharatpur,2019-08,13.045789473684211,-1.4494736842105262,2019-08-01T00:00:00
Bharatpur,2019-11,15.7655,0.07700000000000003,2019-11-01T00:00:00
Bharatpur,2020-01,13.396315789473684,-0.1515789473684211,2020-01-01T00:00:00
Bharatpur,2020-08,14.84772727272727,0.29454545454545455,2020-08-01T00:00:00
Bharatpur,2020-11,14.506315789473684,0.7747368421052632,2020-11-01T00:00:00
Bharatpur,2021-01,15.107857142857142,0.2971428571428572,2021-01-01T00:00:00
Bhiwani,2013-01,15.626666666666667,3.892962962962963,2013-01-01T00:00:00
Bhiwani,2013-05,9.310833333333333,-0.24625000000000005,2013-05-01T00:00:00
Bhiwani,2013-08,11.454,-0.07066666666666667,2013-08-01T00:00:00
Bhiwani,2013-11,14.302857142857144,-0.11642857142857142,2013-11-01T00:00:00
Bhiwani,2014-01,11.616666666666667,0.7233333333333333,2014-01-01T00:00:00
Bhiwani,2014-05,12.341851851851853,0.0385185185185185,2014-05-01T00:00:00
Bhiwani,2014-08,9.709,0.138,2014-08-01T00:00:00
Bhiwani,2014-11,13.614782608695652,0.21130434782608698,2014-11-01T00:00:00
Bhiwani,2015-01,10.02818181818182,0.05454545454545456,2015-01-01T00:00:00
Bhiwani,2015-05,12.358148148148148,0.3937037037037037,2015-05-01T00:00:00
Bhiwani,2015-08,11.905714285714286,-0.4471428571428572,2015-08-01T00:00:00
Bhiwani,2015-11,14.229444444444445,0.8147222222222221,2015-11-01T00:00:00
Bhiwani,2016-05,13.144166666666669,-1.0783333333333334,2016-05-01T00:00:00
Bhiwani,2016-08,8.783333333333333,-0.444,2016-08-01T00:00:00
Bhiwani,2016-11,13.110689655172413,0.4089655172413793,2016-11-01T00:00:00
Bhiwani,2017-01,7.746666666666666,-0.1922222222222222,2017-01-01T00:00:00
Bhiwani,2017-05,13.017692307692307,0.6926923076923077,2017-05-01T00:00:00
Bhiwani,2017-08,8.133333333333333,-0.9033333333333333,2017-08-01T00:00:00
Bhiwani,2017-11,9.170399999999999,-0.2256,2017-11-01T00:00:00
Bhiwani,2017-12,10.520526315789473,0.2863157894736843,2017-12-01T00:00:00
Bhiwani,2018-04,12.669615384615385,0.9957692307692307,2018-04-01T00:00:00
Bhiwani,2018-05,13.915555555555555,2.5766666666666667,2018-05-01T00:00:00
Bhiwani,2018-08,9.922,-1.0399999999999998,2018-08-01T00:00:00
Bhiwani,2018-10,12.485853658536584,-0.8673170731707318,2018-10-01T00:00:00
Bhiwani,2018-12,13.861428571428572,-0.39,2018-12-01T00:00:00
Bhiwani,2019-05,13.606129032258066,0.9870967741935485,2019-05-01T00:00:00
Bhiwani,2019-08,12.6104,-0.2568,2019-08-01T00:00:00
Bhiwani,2019-10,11.19888888888889,0.5407407407407406,2019-10-01T00:00:00
Bhiwani,2020-01,13.221428571428572,0.4714285714285714,2020-01-01T00:00:00
Bhiwani,2020-08,10.757857142857144,-0.41285714285714287,2020-08-01T00:00:00
Bhiwani,2020-11,11.41551724137931,0.20724137931034486,2020-11-01T00:00:00
Bhiwani,2021-01,14.254615384615384,-0.025384615384615387,2021-01-01T00:00:00
Bulandshahr,2013-01,6.88125,-0.60125,2013-01-01T00:00:00
Bulandshahr,2013-05,7.558333333333334,0.75,2013-05-01T00:00:00
Bulandshahr,2013-08,6.755714285714285,-0.7514285714285714,2013-08-01T00:00:00
Bulandshahr,2013-11,7.3975,0.06874999999999998,2013-11-01T00:00:00
Bulandshahr,2014-01,7.6899999999999995,-0.027142857142857166,2014-01-01T00:00:00
Bulandshahr,2014-05,7.596000000000001,0.866,2014-05-01T00:00:00
Bulandshahr,2014-08,7.4662500000000005,-0.44875,2014-08-01T00:00:00
Bulandshahr,2015-01,5.6,1.3050000000000002,2015-01-01T00:00:00
Bulandshahr,2015-05,7.9375,0.14500000000000005,2015-05-01T00:00:00
Bulandshahr,2015-08,6.2775,-0.19,2015-08-01T00:00:00
Bulandshahr,2015-11,6.9025,0.22749999999999998,2015-11-01T00:00:00
Bulandshahr,2016-05,8.465,1.915,2016-05-01T00:00:00
Bulandshahr,2016-08,6.332,-1.556,2016-08-01T00:00:00
Bulandshahr,2016-11,6.956666666666667,-0.11111111111111113,2016-11-01T00:00:00
Bulandshahr,2017-01,7.6025,0.3675,2017-01-01T00:00:00
Bulandshahr,2017-05,8.7925,0.8474999999999999,2017-05-01T00:00:00
Bulandshahr,2017-08,8.347142857142858,0.53,2017-08-01T00:00:00
Bulandshahr,2017-11,8.266666666666667,0.026666666666666672,2017-11-01T00:00:00
Bulandshahr,2018-01,8.151428571428571,-0.1742857142857143,2018-01-01T00:00:00
Bulandshahr,2018-05,8.86,1.166,2018-05-01T00:00:00
Bulandshahr,2018-08,7.118571428571428,-1.3285714285714287,2018-08-01T00:00:00
Bulandshahr,2018-11,7.711428571428572,0.5928571428571429,2018-11-01T00:00:00
Bulandshahr,2019-01,8.425714285714287,0.4628571428571429,2019-01-01T00:00:00
Bulandshahr,2019-05,9.952,0.466,2019-05-01T00:00:00
Bulandshahr,2019-08,8.197142857142856,-0.5614285714285715,2019-08-01T00:00:00
Bulandshahr,2019-11,8.16,0.61,2019-11-01T00:00:00
Bulandshahr,2020-01,8.5925,0.23,2020-01-01T00:00:00
Bulandshahr,2020-11,9.616666666666665,0.05000000000000001,2020-11-01T00:00:00
Bulandshahr,2021-01,6.68,-0.34,2021-01-01T00:00:00
Central Delhi,2013-01,4.2,-21.66,2013-01-01T00:00:00
Charki Dadri,2013-01,10.521428571428572,-0.45000000000000007,2013-01-01T00:00:00
Charki Dadri,2013-05,10.07,0.031666666666666655,2013-05-01T00:00:00
Charki Dadri,2013-08,13.045,-0.2,2013-08-01T00:00:00
Charki Dadri,2013-11,13.93125,-0.6675,2013-11-01T00:00:00
Charki Dadri,2014-01,11.88,-0.44,2014-01-01T00:00:00
Charki Dadri,2014-05,16.312857142857144,0.9471428571428572,2014-05-01T00:00:00
Charki Dadri,2014-08,8.71,0.7949999999999999,2014-08-01T00:00:00
Charki Dadri,2014-11,14.815,-0.033750000000000016,2014-11-01T00:00:00
Charki Dadri,2015-01,13.783333333333331,-0.06,2015-01-01T00:00:00
Charki Dadri,2015-05,13.073000000000002,0.736,2015-05-01T00:00:00
Charki Dadri,2015-08,13.443333333333333,-0.6033333333333334,2015-08-01T00:00:00
Charki Dadri,2015-11,12.239166666666668,-0.19500000000000003,2015-11-01T00:00:00
Charki Dadri,2016-05,18.172857142857143,0.6799999999999999,2016-05-01T00:00:00
Charki Dadri,2016-08,8.26,-1.7799999999999998,2016-08-01T00:00:00
Charki Dadri,2016-11,15.945,0.14,2016-11-01T00:00:00
Charki Dadri,2017-01,9.36,0.64,2017-01-01T00:00:00
Charki Dadri,2017-05,16.646250000000002,0.54125,2017-05-01T00:00:00
Charki Dadri,2017-08,8.735,-2.4749999999999996,2017-08-01T00:00:00
Charki Dadri,2017-11,9.088,1.668,2017-11-01T00:00:00
Charki Dadri,2018-04,16.408,0.53,2018-04-01T00:00:00
Charki Dadri,2018-05,8.638,1.616,2018-05-01T00:00:00
Charki Dadri,2018-10,15.166666666666666,-1.201111111111111,2018-10-01T00:00:00
Charki Dadri,2020-01,12.3725,1.1225,2020-01-01T00:00:00
Charki Dadri,2020-08,4.59,-0.732,2020-08-01T00:00:00
Charki Dadri,2020-11,13.775,2.1783333333333332,2020-11-01T00:00:00
Charki Dadri,2021-01,2.8925,0.225,2021-01-01T00:00:00
Faridabad,2013-01,44.05,20.035,2013-01-01T00:00:00
Faridabad,2013-05,29.689999999999998,1.455,2013-05-01T00:00:00
Faridabad,2013-11,29.051666666666666,-0.6383333333333333,2013-11-01T00:00:00
Faridabad,2014-05,28.334285714285716,0.7042857142857143,2014-05-01T00:00:00
Faridabad,2014-11,25.428,1.964,2014-11-01T00:00:00
Faridabad,2015-05,19.698,1.48,2015-05-01T00:00:00
Faridabad,2015-11,24.3,-0.6566666666666666,2015-11-01T00:00:00
Faridabad,2016-05,17.258,0.08399999999999999,2016-05-01T00:00:00
Faridabad,2016-11,23.396666666666665,2.4233333333333333,2016-11-01T00:00:00
Faridabad,2017-05,20.66,2.05,2017-05-01T00:00:00
Faridabad,2017-11,18.07,-1.72,2017-11-01T00:00:00
Faridabad,2017-12,20.19,0.6766666666666667,2017-12-01T00:00:00
Faridabad,2018-04,22.406666666666666,-0.5,2018-04-01T00:00:00
Faridabad,2018-05,19.143333333333334,-0.26666666666666666,2018-05-01T00:00:00
Faridabad,2018-08,37.983333333333334,0.2999999999999999,2018-08-01T00:00:00
Faridabad,2018-10,20.905384615384612,-1.709230769230769,2018-10-01T00:00:00
Faridabad,2018-12,34.44499999999999,5.46,2018-12-01T00:00:00
Faridabad,2019-05,22.494,1.1560000000000001,2019-05-01T00:00:00
Faridabad,2019-08,35.983333333333334,1.01,2019-08-01T00:00:00
Faridabad,2019-10,30.176,3.4939999999999998,2019-10-01T00:00:00
Faridabad,2020-02,65.66,5.66,2020-02-01T00:00:00
Faridabad,2020-08,20.445,-4.8950000000000005,2020-08-01T00:00:00
Faridabad,2020-11,34.736000000000004,5.506,2020-11-01T00:00:00
Faridabad,2021-01,34.1875,-0.9125,2021-01-01T00:00:00
Gautam Buddha Nagar,2013-01,14.49125,0.8412499999999999,2013-01-01T00:00:00
Gautam Buddha Nagar,2013-05,14.61125,0.81,2013-05-01T00:00:00
Gautam Buddha Nagar,2013-08,14.12125,-0.49,2013-08-01T00:00:00
Gautam Buddha Nagar,2013-11,13.055714285714286,-0.022857142857142854,2013-11-01T00:00:00
Gautam Buddha Nagar,2014-01,14.3575,0.25625,2014-01-01T00:00:00
Gautam Buddha Nagar,2014-05,15.218571428571428,0.9314285714285714,2014-05-01T00:00:00
Gautam Buddha Nagar,2014-08,14.912500000000001,-0.26,2014-08-01T00:00:00
Gautam Buddha Nagar,2014-11,13.19,0.225,2014-11-01T00:00:00
Gautam Buddha Nagar,2015-01,15.9475,0.97875,2015-01-01T00:00:00
Gautam Buddha Nagar,2015-05,15.34,-0.6074999999999999,2015-05-01T00:00:00
Gautam Buddha Nagar,2015-08,12.256,0.0060000000000000496,2015-08-01T00:00:00
Gautam Buddha Nagar,2015-11,17.263333333333332,1.4116666666666668,2015-11-01T00:00:00
Gautam Buddha Nagar,2016-05,16.928333333333335,-0.33500000000000013,2016-05-01T00:00:00
Gautam Buddha Nagar,2016-08,16.47375,0.3225,2016-08-01T00:00:00
Gautam Buddha Nagar,2016-11,16.19142857142857,-0.1285714285714286,2016-11-01T00:00:00
Gautam Buddha Nagar,2017-01,16.201428571428572,0.01,2017-01-01T00:00:00
Gautam Buddha Nagar,2017-05,15.108,1.03,2017-05-01T00:00:00
Gautam Buddha Nagar,2017-08,11.3525,-0.27499999999999997,2017-08-01T00:00:00
Gautam Buddha Nagar,2017-11,17.59714285714286,0.8171428571428571,2017-11-01T00:00:00
Gautam Buddha Nagar,2018-01,17.755714285714287,0.15857142857142859,2018-01-01T00:00:00
Gautam Buddha Nagar,2018-05,18.723333333333333,0.6933333333333334,2018-05-01T00:00:00
Gautam Buddha Nagar,2018-08,10.185,-3.375,2018-08-01T00:00:00
Gautam Buddha Nagar,2018-11,18.775714285714287,1.3900000000000001,2018-11-01T00:00:00
Gautam Buddha Nagar,2019-01,20.771666666666665,-0.024999999999999984,2019-01-01T00:00:00
Gautam Buddha Nagar,2019-05,19.611666666666668,0.5716666666666667,2019-05-01T00:00:00
Gautam Buddha Nagar,2019-08,20.926,-0.12799999999999997,2019-08-01T00:00:00
Gautam Buddha Nagar,2019-11,21.768,-0.9640000000000001,2019-11-01T00:00:00
Gautam Buddha Nagar,2020-01,20.744,1.286,2020-01-01T00:00:00
Gautam Buddha Nagar,2021-01,11.416666666666666,-6.41,2021-01-01T00:00:00
Ghaziabad,2013-01,7.541666666666667,-1.505,2013-01-01T00:00:00
Ghaziabad,2013-05,8.452,0.834,2013-05-01T00:00:00
Ghaziabad,2013-08,10.326,-0.446,2013-08-01T00:00:00
Ghaziabad,2013-11,11.2825,-0.265,2013-11-01T00:00:00
Ghaziabad,2014-01,7.728,0.08400000000000002,2014-01-01T00:00:00
Ghaziabad,2014-05,8.001999999999999,0.334,2014-05-01T00:00:00
Ghaziabad,2014-11,6.28,0.38,2014-11-01T00:00:00
Ghaziabad,2015-05,9.4275,0.615,2015-05-01T00:00:00
Ghaziabad,2015-08,10.083333333333334,-0.4466666666666666,2015-08-01T00:00:00
Ghaziabad,2015-11,9.183333333333334,-0.19000000000000003,2015-11-01T00:00:00
Ghaziabad,2016-01,12.700000000000001,0.925,2016-01-01T00:00:00
Ghaziabad,2016-05,10.157499999999999,0.21250000000000002,2016-05-01T00:00:00
Ghaziabad,2016-11,10.075000000000001,-0.0825,2016-11-01T00:00:00
Ghaziabad,2017-01,8.27,-1.0550000000000002,2017-01-01T00:00:00
Ghaziabad,2017-05,9.416,0.49399999999999994,2017-05-01T00:00:00
Ghaziabad,2017-08,9.739999999999998,0.3240000000000001,2017-08-01T00:00:00
Ghaziabad,2017-11,10.4175,0.42999999999999994,2017-11-01T00:00:00
Ghaziabad,2018-01,10.805,0.3875,2018-01-01T00:00:00
Ghaziabad,2018-05,12.106666666666667,0.9733333333333333,2018-05-01T00:00:00
Ghaziabad,2018-08,10.34,-1.7666666666666666,2018-08-01T00:00:00
Ghaziabad,2018-11,11.342500000000001,1.1325,2018-11-01T00:00:00
Ghaziabad,2019-01,11.456666666666669,-0.1433333333333333,2019-01-01T00:00:00
Ghaziabad,2019-05,12.073333333333332,0.6166666666666667,2019-05-01T00:00:00
Ghaziabad,2019-08,11.74,-0.3333333333333333,2019-08-01T00:00:00
Ghaziabad,2019-11,11.9,0.16,2019-11-01T00:00:00
Ghaziabad,2020-01,11.7825,0.21500000000000002,2020-01-01T00:00:00
Ghaziabad,2020-08,12.516666666666666,0.8566666666666666,2020-08-01T00:00:00
Ghaziabad,2020-11,12.61,0.09333333333333331,2020-11-01T00:00:00
Ghaziabad,2021-01,12.25,-0.36000000000000004,2021-01-01T00:00:00
Gurugram,2013-01,26.424285714285713,-15.564285714285715,2013-01-01T00:00:00
Gurugram,2013-05,23.137272727272727,1.1281818181818182,2013-05-01T00:00:00
Gurugram,2013-08,18.6375,0.0025000000000000022,2013-08-01T00:00:00
Gurugram,2013-11,23.9175,0.54375,2013-11-01T00:00:00
Gurugram,2014-01,18.634999999999998,0.5349999999999999,2014-01-01T00:00:00
Gurugram,2014-05,22.554545454545455,-1.6300000000000003,2014-05-01T00:00:00
Gurugram,2014-08,18.616666666666667,0.7000000000000001,2014-08-01T00:00:00
Gurugram,2014-11,25.639999999999997,0.932,2014-11-01T00:00:00
Gurugram,2015-01,23.155,1.2175,2015-01-01T00:00:00
Gurugram,2015-05,25.990000000000002,0.7323076923076923,2015-05-01T00:00:00
Gurugram,2015-11,24.730476190476192,0.2795238095238095,2015-11-01T00:00:00
Gurugram,2016-01,26.25,0.61,2016-01-01T00:00:00
Gurugram,2016-05,27.14375,1.365,2016-05-01T00:00:00
Gurugram,2016-08,26.7,-1.2,2016-08-01T00:00:00
Gurugram,2016-11,28.417272727272724,1.4363636363636365,2016-11-01T00:00:00
Gurugram,2017-05,27.72125,0.07500000000000002,2017-05-01T00:00:00
Gurugram,2017-08,38.46,2.46,2017-08-01T00:00:00
Gurugram,2017-11,27.237142857142857,0.62,2017-11-01T00:00:00
Gurugram,2017-12,29.88,0.1925,2017-12-01T00:00:00
Gurugram,2018-04,30.92,0.21,2018-04-01T00:00:00
Gurugram,2018-05,26.361666666666668,1.7116666666666667,2018-05-01T00:00:00
Gurugram,2018-08,30.495,0.51125,2018-08-01T00:00:00
Gurugram,2018-10,27.074666666666666,-0.1756666666666667,2018-10-01T00:00:00
Gurugram,2018-12,27.854285714285712,0.5571428571428572,2018-12-01T00:00:00
Gurugram,2019-01,24.23,3.43,2019-01-01T00:00:00
Gurugram,2019-05,32.574444444444445,1.5044444444444443,2019-05-01T00:00:00
Gurugram,2019-08,27.38375,-0.06624999999999995,2019-08-01T00:00:00
Gurugram,2019-10,32.608333333333334,0.16333333333333333,2019-10-01T00:00:00
Gurugram,2020-08,41.928999999999995,7.574,2020-08-01T00:00:00
Gurugram,2020-11,40.29636363636364,10.451818181818181,2020-11-01T00:00:00
Gurugram,2021-01,29.445000000000004,-0.8233333333333333,2021-01-01T00:00:00
Hapur,2013-01,8.368181818181817,-1.760909090909091,2013-01-01T00:00:00
Hapur,2013-05,9.98125,1.0225,2013-05-01T00:00:00
Hapur,2013-08,8.88375,-1.0975000000000001,2013-08-01T00:00:00
Hapur,2013-11,8.815,-0.06875,2013-11-01T00:00:00
Hapur,2014-01,8.542857142857143,0.24714285714285714,2014-01-01T00:00:00
Hapur,2014-05,9.5475,0.51625,2014-05-01T00:00:00
Hapur,2015-05,11.061428571428573,1.5085714285714287,2015-05-01T00:00:00
Hapur,2015-08,10.33,-0.7314285714285714,2015-08-01T00:00:00
Hapur,2015-11,11.603333333333333,0.19166666666666665,2015-11-01T00:00:00
Hapur,2016-05,12.446666666666665,1.1366666666666667,2016-05-01T00:00:00
Hapur,2016-11,11.43142857142857,-0.5957142857142858,2016-11-01T00:00:00
Hapur,2017-01,11.646666666666667,0.21833333333333335,2017-01-01T00:00:00
Hapur,2017-05,11.159999999999998,0.10833333333333335,2017-05-01T00:00:00
Hapur,2017-08,10.372857142857143,-1.3385714285714287,2017-08-01T00:00:00
Hapur,2017-11,10.92,0.5471428571428572,2017-11-01T00:00:00
Hapur,2018-01,11.224285714285713,0.30428571428571427,2018-01-01T00:00:00
Hapur,2018-05,12.794,1.814,2018-05-01T00:00:00
Hapur,2018-08,11.786666666666667,-1.5199999999999998,2018-08-01T00:00:00
Hapur,2018-11,11.588,0.366,2018-11-01T00:00:00
Hapur,2019-01,11.675,0.26,2019-01-01T00:00:00
Hapur,2019-05,12.147499999999999,0.47250000000000003,2019-05-01T00:00:00
Hapur,2019-08,11.6025,-0.5449999999999999,2019-08-01T00:00:00
Hapur,2019-11,14.63,0.023333333333333334,2019-11-01T00:00:00
Hapur,2020-01,10.8,-0.05600000000000001,2020-01-01T00:00:00
Hapur,2020-08,12.203333333333333,0.1366666666666667,2020-08-01T00:00:00
Hapur,2020-11,12.463333333333333,0.26,2020-11-01T00:00:00
Hapur,2021-01,12.49,0.02666666666666666,2021-01-01T00:00:00
Jhajjar,2013-01,2.9372727272727275,0.6472727272727273,2013-01-01T00:00:00
Jhajjar,2013-05,4.292857142857143,1.1357142857142857,2013-05-01T00:00:00
Jhajjar,2013-08,2.98,-0.17250000000000001,2013-08-01T00:00:00
Jhajjar,2013-11,2.493529411764706,-1.756470588235294,2013-11-01T00:00:00
Jhajjar,2014-01,3.3466666666666662,0.7400000000000001,2014-01-01T00:00:00
Jhajjar,2014-05,4.590769230769231,0.9553846153846154,2014-05-01T00:00:00
Jhajjar,2014-08,4.125,0.9424999999999999,2014-08-01T00:00:00
Jhajjar,2014-11,5.299333333333333,-0.44533333333333336,2014-11-01T00:00:00
Jhajjar,2015-01,3.697777777777778,0.5566666666666668,2015-01-01T00:00:00
Jhajjar,2015-05,5.081363636363637,-0.2372727272727273,2015-05-01T00:00:00
Jhajjar,2015-08,2.9466666666666668,-0.36833333333333335,2015-08-01T00:00:00
Jhajjar,2015-11,6.3924,0.08039999999999999,2015-11-01T00:00:00
Jhajjar,2016-05,4.886428571428572,0.6457142857142858,2016-05-01T00:00:00
Jhajjar,2016-08,2.652,-1.2479999999999998,2016-08-01T00:00:00
Jhajjar,2016-11,2.0876923076923077,-0.4507692307692308,2016-11-01T00:00:00
Jhajjar,2017-01,2.98,0.605,2017-01-01T00:00:00
Jhajjar,2017-05,2.953076923076923,0.6284615384615384,2017-05-01T00:00:00
Jhajjar,2017-08,4.0575,0.4075,2017-08-01T00:00:00
Jhajjar,2017-11,2.44,-0.7933333333333333,2017-11-01T00:00:00
Jhajjar,2017-12,2.86375,-0.0675,2017-12-01T00:00:00
Jhajjar,2018-04,3.6455555555555557,0.8744444444444445,2018-04-01T00:00:00
Jhajjar,2018-05,10.157058823529413,0.591764705882353,2018-05-01T00:00:00
Jhajjar,2018-08,2.732,-0.777,2018-08-01T00:00:00
Jhajjar,2018-10,5.492333333333334,-0.676,2018-10-01T00:00:00
Jhajjar,2018-12,2.527,-0.38399999999999995,2018-12-01T00:00:00
Jhajjar,2019-05,2.966666666666667,0.5766666666666667,2019-05-01T00:00:00
Jhajjar,2019-08,2.789,-0.20299999999999999,2019-08-01T00:00:00
Jhajjar,2019-10,2.5127272727272727,-0.17,2019-10-01T00:00:00
Jhajjar,2020-08,2.308888888888889,-0.47777777777777775,2020-08-01T00:00:00
Jhajjar,2020-11,6.295000000000001,2.0433333333333334,2020-11-01T00:00:00
Jhajjar,2021-01,2.2654545454545456,0.4218181818181818,2021-01-01T00:00:00
Jind,2013-01,16.89,-0.47777777777777775,2013-01-01T00:00:00
Jind,2013-05,13.894285714285715,-0.2642857142857143,2013-05-01T00:00:00
Jind,2013-08,13.474444444444444,0.15,2013-08-01T00:00:00
Jind,2013-11,13.60578947368421,0.1310526315789474,2013-11-01T00:00:00
Jind,2014-01,12.76,0.9450000000000001,2014-01-01T00:00:00
Jind,2014-05,12.451904761904762,-1.9776190476190476,2014-05-01T00:00:00
Jind,2014-08,4.58,0.51,2014-08-01T00:00:00
Jind,2014-11,12.701176470588235,1.832352941176471,2014-11-01T00:00:00
Jind,2015-01,11.595,-0.48600000000000004,2015-01-01T00:00:00
Jind,2015-05,14.24409090909091,1.2177272727272728,2015-05-01T00:00:00
Jind,2015-08,10.936666666666667,0.11333333333333333,2015-08-01T00:00:00
Jind,2015-11,13.754761904761907,0.21000000000000002,2015-11-01T00:00:00
Jind,2016-05,15.741538461538463,0.21769230769230768,2016-05-01T00:00:00
Jind,2016-08,13.73857142857143,-0.4714285714285715,2016-08-01T00:00:00
Jind,2016-11,12.79,0.9654545454545453,2016-11-01T00:00:00
Jind,2017-01,16.439268292682925,1.1326829268292682,2017-01-01T00:00:00
Jind,2017-05,13.831538461538461,-0.04076923076923072,2017-05-01T00:00:00
Jind,2017-08,8.836666666666666,-1.2466666666666666,2017-08-01T00:00:00
Jind,2017-11,11.654166666666667,0.1216666666666667,2017-11-01T00:00:00
Jind,2017-12,11.280000000000001,-0.5516666666666666,2017-12-01T00:00:00
Jind,2018-04,15.024285714285714,0.1,2018-04-01T00:00:00
Jind,2018-05,17.3909375,0.6815625000000001,2018-05-01T00:00:00
Jind,2018-08,15.401428571428571,0.5999999999999999,2018-08-01T00:00:00
Jind,2018-10,15.865490196078431,0.31823529411764706,2018-10-01T00:00:00
Jind,2018-12,13.758666666666667,0.09266666666666667,2018-12-01T00:00:00
Jind,2019-05,16.762999999999998,-1.029,2019-05-01T00:00:00
Jind,2019-08,19.066666666666666,1.8593333333333333,2019-08-01T00:00:00
Jind,2019-10,14.56,-0.14,2019-10-01T00:00:00
Jind,2020-01,14.65846153846154,-0.6884615384615385,2020-01-01T00:00:00
Jind,2020-08,16.904,1.0273333333333334,2020-08-01T00:00:00
Jind,2020-11,22.384736842105262,5.268947368421053,2020-11-01T00:00:00
Jind,2021-01,18.5725,-0.571875,2021-01-01T00:00:00
Karnal,2013-01,17.9712,-4.1912,2013-01-01T00:00:00
Karnal,2013-05,18.026808510638297,0.24191489361702126,2013-05-01T00:00:00
Karnal,2013-08,22.13,0.6749999999999999,2013-08-01T00:00:00
Karnal,2013-11,17.863,0.171,2013-11-01T00:00:00
Karnal,2014-01,21.61666666666667,-2.5433333333333334,2014-01-01T00:00:00
Karnal,2014-05,16.936285714285713,-0.8125714285714286,2014-05-01T00:00:00
Karnal,2014-08,27.683333333333334,5.076666666666666,2014-08-01T00:00:00
Karnal,2014-11,20.104347826086954,1.9704347826086956,2014-11-01T00:00:00
Karnal,2015-01,19.74318181818182,0.6018181818181818,2015-01-01T00:00:00
Karnal,2015-05,19.06046511627907,0.8279069767441861,2015-05-01T00:00:00
Karnal,2015-08,17.9,1.9,2015-08-01T00:00:00
Karnal,2015-11,18.539565217391306,0.11239130434782608,2015-11-01T00:00:00
Karnal,2016-01,8.06,-0.68,2016-01-01T00:00:00
Karnal,2016-05,17.928,0.1545,2016-05-01T00:00:00
Karnal,2016-08,35.525,6.545,2016-08-01T00:00:00
Karnal,2016-11,21.495172413793103,1.2310344827586208,2016-11-01T00:00:00
Karnal,2017-05,20.517,-0.5743333333333334,2017-05-01T00:00:00
Karnal,2017-08,23.825000000000003,2.025,2017-08-01T00:00:00
Karnal,2017-11,21.575483870967744,1.1012903225806452,2017-11-01T00:00:00
Karnal,2017-12,21.565,-1.1015384615384614,2017-12-01T00:00:00
Karnal,2018-04,20.424444444444447,-0.05222222222222216,2018-04-01T00:00:00
Karnal,2018-05,23.797096774193548,3.113548387096774,2018-05-01T00:00:00
Karnal,2018-08,20.878235294117648,2.1576470588235295,2018-08-01T00:00:00
Karnal,2018-10,22.657647058823528,0.9917647058823529,2018-10-01T00:00:00
Karnal,2018-12,19.684324324324326,-0.6918918918918919,2018-12-01T00:00:00
Karnal,2019-05,19.238064516129032,-2.5509677419354837,2019-05-01T00:00:00
Karnal,2019-08,20.894193548387097,1.4909677419354839,2019-08-01T00:00:00
Karnal,2019-10,20.27958333333333,-0.30083333333333334,2019-10-01T00:00:00
Karnal,2020-01,18.455,-0.09461538461538464,2020-01-01T00:00:00
Karnal,2020-08,21.1188,-0.11320000000000008,2020-08-01T00:00:00
Karnal,2020-11,22.98576923076923,2.2753846153846156,2020-11-01T00:00:00
Karnal,2021-01,20.71151515151515,-1.8072727272727271,2021-01-01T00:00:00
Mahendragarh,2013-01,11.05,2.21,2013-01-01T00:00:00
Mahendragarh,2013-05,18.41,1.2433333333333334,2013-05-01T00:00:00
Mahendragarh,2013-08,9.8,-3.51,2013-08-01T00:00:00
Mahendragarh,2013-11,12.176666666666668,1.736666666666667,2013-11-01T00:00:00
Mahendragarh,2014-01,8.9,-0.73,2014-01-01T00:00:00
Mahendragarh,2014-05,11.36,2.46,2014-05-01T00:00:00
Mahendragarh,2014-08,8.4,-2.96,2014-08-01T00:00:00
Mahendragarh,2014-11,12.78,4.38,2014-11-01T00:00:00
Mahendragarh,2015-01,8.2,-4.58,2015-01-01T00:00:00
Mahendragarh,2015-05,28.655,0.6183333333333332,2015-05-01T00:00:00
Mahendragarh,2015-08,7.95,-2.47,2015-08-01T00:00:00
Mahendragarh,2015-11,37.911538461538456,0.7423076923076922,2015-11-01T00:00:00
Mahendragarh,2016-05,25.32,-0.019999999999999973,2016-05-01T00:00:00
Mahendragarh,2016-08,8.6,-0.03,2016-08-01T00:00:00
Mahendragarh,2016-11,19.696,-0.708,2016-11-01T00:00:00
Mahendragarh,2017-05,21.048,1.3519999999999999,2017-05-01T00:00:00
Mahendragarh,2017-08,7.9,-0.37,2017-08-01T00:00:00
Mahendragarh,2017-11,29.310000000000002,0.21999999999999997,2017-11-01T00:00:00
Mahendragarh,2017-12,19.3825,-2.0875,2017-12-01T00:00:00
Mahendragarh,2018-04,24.064999999999998,4.6825,2018-04-01T00:00:00
Mahendragarh,2018-05,36.885000000000005,2.7790000000000004,2018-05-01T00:00:00
Mahendragarh,2018-08,12.743333333333334,-14.686666666666667,2018-08-01T00:00:00
Mahendragarh,2018-10,30.880666666666666,1.5373333333333334,2018-10-01T00:00:00
Mahendragarh,2018-12,15.363333333333332,0.3833333333333333,2018-12-01T00:00:00
Mahendragarh,2019-05,11.125,-1.7650000000000001,2019-05-01T00:00:00
Mahendragarh,2019-08,11.85,4.25,2019-08-01T00:00:00
Mahendragarh,2019-10,23.265,-10.71,2019-10-01T00:00:00
Mahendragarh,2020-08,7.0,0.47,2020-08-01T00:00:00
Mahendragarh,2020-11,63.75599999999999,23.894,2020-11-01T00:00:00
Mahendragarh,2021-01,46.23333333333333,-15.160000000000002,2021-01-01T00:00:00
Meerut,2013-01,10.17111111111111,0.951111111111111,2013-01-01T00:00:00
Meerut,2013-05,10.70125,-0.82875,2013-05-01T00:00:00
Meerut,2013-08,11.212857142857143,-0.20285714285714285,2013-08-01T00:00:00
Meerut,2013-11,10.725000000000001,-0.405,2013-11-01T00:00:00
Meerut,2014-01,10.045,0.049999999999999975,2014-01-01T00:00:00
Meerut,2014-05,10.748333333333335,0.13166666666666668,2014-05-01T00:00:00
Meerut,2014-11,9.865,-0.315,2014-11-01T00:00:00
Meerut,2015-05,11.103636363636364,1.2972727272727271,2015-05-01T00:00:00
Meerut,2015-08,9.908888888888889,-0.4799999999999999,2015-08-01T00:00:00
Meerut,2015-11,11.91125,-0.0625,2015-11-01T00:00:00
Meerut,2016-01,9.625,1.03,2016-01-01T00:00:00
Meerut,2016-05,11.69111111111111,0.8433333333333333,2016-05-01T00:00:00
Meerut,2016-11,11.567777777777778,-0.45222222222222225,2016-11-01T00:00:00
Meerut,2017-01,12.110000000000001,0.0190909090909091,2017-01-01T00:00:00
Meerut,2017-05,13.690000000000001,1.03,2017-05-01T00:00:00
Meerut,2017-08,12.2425,-1.5687499999999999,2017-08-01T00:00:00
Meerut,2017-11,12.683333333333334,0.3877777777777778,2017-11-01T00:00:00
Meerut,2018-01,12.458181818181817,1.329090909090909,2018-01-01T00:00:00
Meerut,2018-05,14.43,1.49875,2018-05-01T00:00:00
Meerut,2018-08,12.19,-1.5300000000000002,2018-08-01T00:00:00
Meerut,2018-11,12.090909090909092,-0.09909090909090904,2018-11-01T00:00:00
Meerut,2019-01,13.315,0.9066666666666666,2019-01-01T00:00:00
Meerut,2019-05,11.554,-0.04900000000000002,2019-05-01T00:00:00
Meerut,2019-08,12.399090909090908,0.04545454545454539,2019-08-01T00:00:00
Meerut,2019-11,12.907999999999998,0.27999999999999997,2019-11-01T00:00:00
Meerut,2020-01,11.491,-0.215,2020-01-01T00:00:00
Meerut,2020-08,12.442,0.841,2020-08-01T00:00:00
Meerut,2020-11,13.977777777777778,-0.29555555555555557,2020-11-01T00:00:00
Meerut,2021-01,13.315000000000001,-0.05599999999999998,2021-01-01T00:00:00
Muzaffarnagar,2013-01,8.748666666666667,0.4766666666666666,2013-01-01T00:00:00
Muzaffarnagar,2013-05,8.807777777777778,0.6933333333333334,2013-05-01T00:00:00
Muzaffarnagar,2013-08,8.325,-0.858,2013-08-01T00:00:00
Muzaffarnagar,2013-11,8.445833333333335,-0.07416666666666664,2013-11-01T00:00:00
Muzaffarnagar,2014-01,8.012,-0.233,2014-01-01T00:00:00
Muzaffarnagar,2014-05,9.555454545454545,0.9445454545454546,2014-05-01T00:00:00
Muzaffarnagar,2015-05,11.36,1.2477777777777779,2015-05-01T00:00:00
Muzaffarnagar,2015-08,10.680000000000001,-1.0257142857142856,2015-08-01T00:00:00
Muzaffarnagar,2015-11,10.843,0.714,2015-11-01T00:00:00
Muzaffarnagar,2016-01,13.200000000000001,0.36750000000000005,2016-01-01T00:00:00
Muzaffarnagar,2016-05,12.28875,1.2825000000000002,2016-05-01T00:00:00
Muzaffarnagar,2016-11,10.8475,-1.2375,2016-11-01T00:00:00
Muzaffarnagar,2017-01,10.493333333333332,-0.07666666666666666,2017-01-01T00:00:00
Muzaffarnagar,2017-05,15.10142857142857,2.1785714285714284,2017-05-01T00:00:00
Muzaffarnagar,2017-08,10.763333333333334,-2.348888888888889,2017-08-01T00:00:00
Muzaffarnagar,2017-11,10.292,0.692,2017-11-01T00:00:00
Muzaffarnagar,2018-01,10.879000000000001,0.018000000000000002,2018-01-01T00:00:00
Muzaffarnagar,2018-05,14.913333333333334,2.473333333333333,2018-05-01T00:00:00
Muzaffarnagar,2018-08,12.549999999999999,-1.5485714285714285,2018-08-01T00:00:00
Muzaffarnagar,2018-11,12.0425,-0.01125000000000001,2018-11-01T00:00:00
Muzaffarnagar,2019-01,10.212222222222222,-0.8122222222222222,2019-01-01T00:00:00
Muzaffarnagar,2019-05,14.945,3.035,2019-05-01T00:00:00
Muzaffarnagar,2019-08,12.136666666666665,-0.5599999999999999,2019-08-01T00:00:00
Muzaffarnagar,2020-01,10.094285714285714,-0.13857142857142854,2020-01-01T00:00:00
Muzaffarnagar,2020-08,10.898,0.22800000000000004,2020-08-01T00:00:00
Muzaffarnagar,2020-11,10.83,0.004285714285714289,2020-11-01T00:00:00
Muzaffarnagar,2021-01,11.29,0.021666666666666664,2021-01-01T00:00:00
New Delhi,2013-01,14.592916666666667,1.4058333333333335,2013-01-01T00:00:00
New Delhi,2013-05,15.56076923076923,1.2992307692307692,2013-05-01T00:00:00
New Delhi,2013-08,13.38846153846154,-2.1723076923076925,2013-08-01T00:00:00
New Delhi,2013-11,13.033846153846154,-0.35461538461538455,2013-11-01T00:00:00
New Delhi,2014-01,13.00923076923077,-0.024615384615384612,2014-01-01T00:00:00
New Delhi,2014-05,13.915384615384616,0.9061538461538461,2014-05-01T00:00:00
New Delhi,2014-08,14.156153846153845,0.24076923076923076,2014-08-01T00:00:00
New Delhi,2014-11,14.738461538461538,0.5823076923076923,2014-11-01T00:00:00
New Delhi,2015-01,14.143846153846154,-0.5946153846153845,2015-01-01T00:00:00
New Delhi,2015-05,14.814615384615385,0.6707692307692307,2015-05-01T00:00:00
New Delhi,2015-08,13.514615384615384,-1.2999999999999998,2015-08-01T00:00:00
New Delhi,2015-11,14.02,0.5053846153846153,2015-11-01T00:00:00
New Delhi,2016-01,15.464999999999998,0.245,2016-01-01T00:00:00
New Delhi,2016-05,13.3925,1.01,2016-05-01T00:00:00
New Delhi,2016-08,13.763076923076921,-0.9915384615384616,2016-08-01T00:00:00
New Delhi,2016-11,14.182307692307692,0.41923076923076924,2016-11-01T00:00:00
New Delhi,2017-01,13.465454545454547,0.019999999999999997,2017-01-01T00:00:00
New Delhi,2017-05,17.19,2.115,2017-05-01T00:00:00
New Delhi,2017-08,10.52375,-0.40499999999999997,2017-08-01T00:00:00
New Delhi,2017-11,13.092500000000001,0.48124999999999996,2017-11-01T00:00:00
New Delhi,2018-01,12.981428571428571,-0.35714285714285715,2018-01-01T00:00:00
New Delhi,2018-05,14.206666666666667,1.9166666666666667,2018-05-01T00:00:00
New Delhi,2018-08,12.544444444444444,-1.6622222222222223,2018-08-01T00:00:00
New Delhi,2018-10,12.63875,0.17625000000000002,2018-10-01T00:00:00
New Delhi,2018-12,12.84,0.20124999999999996,2018-12-01T00:00:00
New Delhi,2019-05,12.067142857142857,-0.8214285714285714,2019-05-01T00:00:00
New Delhi,2019-08,13.546363636363635,0.5790909090909091,2019-08-01T00:00:00
New Delhi,2019-10,12.572222222222223,-0.21777777777777774,2019-10-01T00:00:00
New Delhi,2019-12,12.075555555555557,-0.49666666666666665,2019-12-01T00:00:00
New Delhi,2020-08,11.52,-0.7224999999999999,2020-08-01T00:00:00
New Delhi,2020-11,12.693333333333333,-0.12666666666666668,2020-11-01T00:00:00
New Delhi,2021-01,13.17909090909091,-0.7654545454545455,2021-01-01T00:00:00
North Delhi,2013-01,1.7,0.03,2013-01-01T00:00:00
North Delhi,2013-05,2.35,0.65,2013-05-01T00:00:00
North Delhi,2013-08,0.56,-1.79,2013-08-01T00:00:00
North Delhi,2013-11,1.32,0.76,2013-11-01T00:00:00
North Delhi,2014-01,1.46,0.14,2014-01-01T00:00:00
North Delhi,2014-05,2.54,1.08,2014-05-01T00:00:00
North Delhi,2014-08,1.82,-0.72,2014-08-01T00:00:00
North Delhi,2014-11,2.01,0.19,2014-11-01T00:00:00
North Delhi,2015-01,2.14,0.13,2015-01-01T00:00:00
North Delhi,2015-05,2.64,0.5,2015-05-01T00:00:00
North Delhi,2015-08,1.69,-0.95,2015-08-01T00:00:00
North Delhi,2015-11,1.65,-0.04,2015-11-01T00:00:00
North Delhi,2016-05,3.0,1.35,2016-05-01T00:00:00
North Delhi,2016-08,1.57,-1.43,2016-08-01T00:00:00
North Delhi,2016-11,1.53,-0.04,2016-11-01T00:00:00
North Delhi,2017-01,1.85,0.32,2017-01-01T00:00:00
North Delhi,2018-05,4.44,2.59,2018-05-01T00:00:00
North Delhi,2018-10,2.05,-2.39,2018-10-01T00:00:00
North Delhi,2018-12,1.78,-0.27,2018-12-01T00:00:00
North Delhi,2019-05,2.1,0.32,2019-05-01T00:00:00
North Delhi,2019-08,1.49,-0.61,2019-08-01T00:00:00
North Delhi,2019-10,1.84,0.35,2019-10-01T00:00:00
North Delhi,2019-12,2.36,0.52,2019-12-01T00:00:00
North Delhi,2020-08,0.41,-1.95,2020-08-01T00:00:00
North Delhi,2021-01,1.92,1.51,2021-01-01T00:00:00
North West Delhi,2013-01,10.6,-4.924,2013-01-01T00:00:00
North West Delhi,2013-05,3.53,0.39,2013-05-01T00:00:00
North West Delhi,2013-08,2.24,-1.29,2013-08-01T00:00:00
North West Delhi,2013-11,2.83,0.59,2013-11-01T00:00:00
North West Delhi,2014-01,3.03,0.2,2014-01-01T00:00:00
North West Delhi,2014-05,4.36,1.33,2014-05-01T00:00:00
North West Delhi,2014-08,4.23,-0.13,2014-08-01T00:00:00
North West Delhi,2014-11,4.08,-0.15,2014-11-01T00:00:00
North West Delhi,2015-01,3.9,-0.18,2015-01-01T00:00:00
Nuh,2013-01,9.53,3.577777777777778,2013-01-01T00:00:00
Nuh,2013-05,11.267142857142858,2.0114285714285716,2013-05-01T00:00:00
Nuh,2013-08,5.6225000000000005,-1.7999999999999998,2013-08-01T00:00:00
Nuh,2013-11,10.877647058823529,0.05941176470588235,2013-11-01T00:00:00
Nuh,2014-05,10.669285714285715,0.7207142857142858,2014-05-01T00:00:00
Nuh,2014-08,5.368,0.5619999999999999,2014-08-01T00:00:00
Nuh,2014-11,10.340769230769231,0.2107692307692308,2014-11-01T00:00:00
Nuh,2015-01,3.8249999999999997,2.7150000000000003,2015-01-01T00:00:00
Nuh,2015-05,8.612307692307693,-0.5453846153846155,2015-05-01T00:00:00
Nuh,2015-11,8.411111111111111,-0.19444444444444445,2015-11-01T00:00:00
Nuh,2016-05,5.647142857142858,0.6285714285714287,2016-05-01T00:00:00
Nuh,2016-08,3.825,-0.9199999999999999,2016-08-01T00:00:00
Nuh,2016-11,5.714444444444444,0.5188888888888888,2016-11-01T00:00:00
Nuh,2017-05,5.39,-0.3425,2017-05-01T00:00:00
Nuh,2017-08,3.8866666666666667,0.5366666666666666,2017-08-01T00:00:00
Nuh,2017-11,6.058333333333334,0.5566666666666666,2017-11-01T00:00:00
Nuh,2017-12,5.35625,-0.7475,2017-12-01T00:00:00
Nuh,2018-04,5.4799999999999995,1.1528571428571428,2018-04-01T00:00:00
Nuh,2018-05,7.547272727272727,-0.07818181818181819,2018-05-01T00:00:00
Nuh,2018-08,5.224444444444444,0.5377777777777778,2018-08-01T00:00:00
Nuh,2018-10,10.205789473684211,-0.5352631578947369,2018-10-01T00:00:00
Nuh,2018-12,4.498333333333334,0.036666666666666674,2018-12-01T00:00:00
Nuh,2019-05,4.9775,0.92625,2019-05-01T00:00:00
Nuh,2019-08,4.708571428571429,-0.54,2019-08-01T00:00:00
Nuh,2019-10,5.46,0.7514285714285714,2019-10-01T00:00:00
Nuh,2020-08,8.783636363636363,-0.43181818181818205,2020-08-01T00:00:00
Nuh,2020-11,12.69111111111111,6.5488888888888885,2020-11-01T00:00:00
Nuh,2021-01,4.2875,-0.11125000000000002,2021-01-01T00:00:00
Palwal,2013-01,7.035,-8.3025,2013-01-01T00:00:00
Palwal,2013-05,7.93470588235294,1.2394117647058824,2013-05-01T00:00:00
Palwal,2013-08,4.703333333333334,-1.6666666666666667,2013-08-01T00:00:00
Palwal,2013-11,6.50625,-1.085,2013-11-01T00:00:00
Palwal,2014-01,5.64,0.15,2014-01-01T00:00:00
Palwal,2014-05,7.063999999999999,0.5313333333333333,2014-05-01T00:00:00
Palwal,2014-08,6.63,1.7333333333333332,2014-08-01T00:00:00
Palwal,2014-11,6.903571428571428,-0.12785714285714286,2014-11-01T00:00:00
Palwal,2015-01,5.023333333333333,-0.5933333333333334,2015-01-01T00:00:00
Palwal,2015-05,9.105625,0.925,2015-05-01T00:00:00
Palwal,2015-11,8.344166666666666,0.20833333333333334,2015-11-01T00:00:00
Palwal,2016-05,7.681875,0.195,2016-05-01T00:00:00
Palwal,2016-08,8.71,0.125,2016-08-01T00:00:00
Palwal,2016-11,7.5058333333333325,0.03333333333333335,2016-11-01T00:00:00
Palwal,2017-01,6.3100000000000005,-0.615,2017-01-01T00:00:00
Palwal,2017-05,8.096666666666666,0.3741666666666667,2017-05-01T00:00:00
Palwal,2017-08,5.38,-0.04,2017-08-01T00:00:00
Palwal,2017-11,7.285454545454545,-0.4972727272727273,2017-11-01T00:00:00
Palwal,2017-12,8.042,0.6930000000000001,2017-12-01T00:00:00
Palwal,2018-04,7.802,0.06799999999999999,2018-04-01T00:00:00
Palwal,2018-05,9.88,1.1688888888888889,2018-05-01T00:00:00
Palwal,2018-08,7.982727272727273,-0.2736363636363637,2018-08-01T00:00:00
Palwal,2018-10,7.521428571428571,-0.3378571428571428,2018-10-01T00:00:00
Palwal,2018-12,7.863846153846154,0.5130769230769231,2018-12-01T00:00:00
Palwal,2019-05,9.827692307692306,0.7630769230769231,2019-05-01T00:00:00
Palwal,2019-08,7.877,0.037999999999999964,2019-08-01T00:00:00
Palwal,2019-10,9.198,0.0593333333333333,2019-10-01T00:00:00
Palwal,2020-08,8.704615384615384,0.4630769230769233,2020-08-01T00:00:00
Palwal,2020-11,14.486666666666666,3.9499999999999997,2020-11-01T00:00:00
Palwal,2021-01,8.106666666666667,0.020000000000000007,2021-01-01T00:00:00
Panipat,2013-01,16.824,-2.11,2013-01-01T00:00:00
Panipat,2013-05,12.91529411764706,1.1500000000000001,2013-05-01T00:00:00
Panipat,2013-08,15.154285714285715,1.2557142857142856,2013-08-01T00:00:00
Panipat,2013-11,15.268695652173914,0.23304347826086963,2013-11-01T00:00:00
Panipat,2014-01,15.475999999999999,-0.358,2014-01-01T00:00:00
Panipat,2014-05,14.54736842105263,-0.13842105263157897,2014-05-01T00:00:00
Panipat,2014-08,18.259999999999998,2.652,2014-08-01T00:00:00
Panipat,2014-11,15.951304347826087,0.5039130434782608,2014-11-01T00:00:00
Panipat,2015-01,15.297272727272725,-0.39545454545454545,2015-01-01T00:00:00
Panipat,2015-05,19.982068965517243,4.618965517241379,2015-05-01T00:00:00
Panipat,2015-08,16.3,1.0199999999999998,2015-08-01T00:00:00
Panipat,2015-11,15.202692307692306,-2.9976923076923074,2015-11-01T00:00:00
Panipat,2016-01,25.7,-4.95,2016-01-01T00:00:00
Panipat,2016-05,16.694666666666667,-0.4153333333333333,2016-05-01T00:00:00
Panipat,2016-08,7.886666666666667,0.02666666666666669,2016-08-01T00:00:00
Panipat,2016-11,16.520833333333332,2.4775,2016-11-01T00:00:00
Panipat,2017-01,3.95,-0.86,2017-01-01T00:00:00
Panipat,2017-05,18.056,0.9213333333333334,2017-05-01T00:00:00
Panipat,2017-08,9.780000000000001,-0.8900000000000001,2017-08-01T00:00:00
Panipat,2017-11,16.968333333333334,-2.233888888888889,2017-11-01T00:00:00
Panipat,2017-12,16.064285714285713,-0.8035714285714286,2017-12-01T00:00:00
Panipat,2018-04,18.01076923076923,1.41,2018-04-01T00:00:00
Panipat,2018-05,17.55875,4.26625,2018-05-01T00:00:00
Panipat,2018-08,16.948333333333334,0.6833333333333332,2018-08-01T00:00:00
Panipat,2018-10,17.711111111111112,-1.7033333333333334,2018-10-01T00:00:00
Panipat,2018-12,15.007333333333333,-0.19,2018-12-01T00:00:00
Panipat,2019-05,16.108125,-10.225624999999999,2019-05-01T00:00:00
Panipat,2019-08,19.092307692307692,3.81923076923077,2019-08-01T00:00:00
Panipat,2019-10,18.445714285714285,-0.40285714285714297,2019-10-01T00:00:00
Panipat,2020-01,16.483076923076922,-0.6584615384615383,2020-01-01T00:00:00
Panipat,2020-08,18.36,1.1153846153846154,2020-08-01T00:00:00
Panipat,2020-11,33.07625,15.28125,2020-11-01T00:00:00
Panipat,2021-01,18.20714285714286,-4.347857142857142,2021-01-01T00:00:00
Rewari,2013-01,25.773333333333337,-4.848333333333333,2013-01-01T00:00:00
Rewari,2013-05,23.014,1.136,2013-05-01T00:00:00
Rewari,2013-08,33.38333333333333,-0.59,2013-08-01T00:00:00
Rewari,2013-11,21.467272727272725,-0.2172727272727273,2013-11-01T00:00:00
Rewari,2014-01,13.0875,0.2875,2014-01-01T00:00:00
Rewari,2014-05,15.778333333333334,1.7966666666666666,2014-05-01T00:00:00
Rewari,2014-08,20.3,0.5,2014-08-01T00:00:00
Rewari,2014-11,14.950000000000001,-1.5785714285714285,2014-11-01T00:00:00
Rewari,2015-01,17.525,-0.29000000000000004,2015-01-01T00:00:00
Rewari,2015-05,19.884545454545453,-0.7363636363636362,2015-05-01T00:00:00
Rewari,2015-11,15.618076923076924,0.4869230769230769,2015-11-01T00:00:00
Rewari,2016-05,16.36625,-0.07999999999999996,2016-05-01T00:00:00
Rewari,2016-08,31.03,-0.6333333333333334,2016-08-01T00:00:00
Rewari,2016-11,15.652857142857142,-0.4171428571428572,2016-11-01T00:00:00
Rewari,2017-01,11.9,-0.3,2017-01-01T00:00:00
Rewari,2017-05,23.939999999999998,1.5833333333333333,2017-05-01T00:00:00
Rewari,2017-08,40.195,0.745,2017-08-01T00:00:00
Rewari,2017-11,19.445999999999998,0.030000000000000006,2017-11-01T00:00:00
Rewari,2017-12,41.012,0.618,2017-12-01T00:00:00
Rewari,2018-04,28.564999999999998,0.49666666666666665,2018-04-01T00:00:00
Rewari,2018-05,11.818000000000001,0.5073333333333334,2018-05-01T00:00:00
Rewari,2018-06,11.07,0.595,2018-06-01T00:00:00
Rewari,2018-08,27.995,-0.57,2018-08-01T00:00:00
Rewari,2018-10,18.61111111111111,-0.05703703703703704,2018-10-01T00:00:00
Rewari,2018-12,31.116000000000003,0.526,2018-12-01T00:00:00
Rewari,2019-05,29.264,1.7100000000000002,2019-05-01T00:00:00
Rewari,2019-08,28.430000000000003,-1.74,2019-08-01T00:00:00
Rewari,2019-10,28.849999999999998,-5.6933333333333325,2019-10-01T00:00:00
Rewari,2020-08,26.93625,3.0300000000000002,2020-08-01T00:00:00
Rewari,2020-11,33.905,8.455,2020-11-01T00:00:00
Rewari,2021-01,29.264,-1.042,2021-01-01T00:00:00
Rohtak,2013-01,3.779333333333333,-2.8320000000000003,2013-01-01T00:00:00
Rohtak,2013-05,3.604,0.5013333333333333,2013-05-01T00:00:00
Rohtak,2013-08,3.37875,-0.9562499999999999,2013-08-01T00:00:00
Rohtak,2013-11,2.5333333333333337,-0.7666666666666667,2013-11-01T00:00:00
Rohtak,2014-01,4.1933333333333325,1.75,2014-01-01T00:00:00
Rohtak,2014-05,3.637777777777778,0.958888888888889,2014-05-01T00:00:00
Rohtak,2014-08,5.166666666666667,-0.07,2014-08-01T00:00:00
Rohtak,2014-11,3.600909090909091,-0.01636363636363636,2014-11-01T00:00:00
Rohtak,2015-01,5.748,0.03600000000000001,2015-01-01T00:00:00
Rohtak,2015-05,2.89,0.46181818181818185,2015-05-01T00:00:00
Rohtak,2015-08,3.5,-2.62,2015-08-01T00:00:00
Rohtak,2015-11,3.2575,-0.43958333333333327,2015-11-01T00:00:00
Rohtak,2016-05,4.281000000000001,0.433,2016-05-01T00:00:00
Rohtak,2016-08,5.8774999999999995,-1.115,2016-08-01T00:00:00
Rohtak,2016-11,3.4355555555555557,-0.42666666666666664,2016-11-01T00:00:00
Rohtak,2017-01,10.575,0.815,2017-01-01T00:00:00
Rohtak,2017-05,4.781000000000001,1.167,2017-05-01T00:00:00
Rohtak,2017-08,10.15,-0.755,2017-08-01T00:00:00
Rohtak,2017-11,3.53125,-1.34625,2017-11-01T00:00:00
Rohtak,2017-12,4.0925,0.47375,2017-12-01T00:00:00
Rohtak,2018-04,3.66,-0.752,2018-04-01T00:00:00
Rohtak,2018-05,2.7435,-0.2645,2018-05-01T00:00:00
Rohtak,2018-08,4.4157142857142855,0.7757142857142857,2018-08-01T00:00:00
Rohtak,2018-10,2.785357142857143,-0.23821428571428574,2018-10-01T00:00:00
Rohtak,2018-12,4.024285714285714,0.24571428571428572,2018-12-01T00:00:00
Rohtak,2019-05,5.896,0.786,2019-05-01T00:00:00
Rohtak,2019-08,4.207142857142857,-0.3242857142857143,2019-08-01T00:00:00
Rohtak,2019-10,5.0088888888888885,0.1522222222222222,2019-10-01T00:00:00
Rohtak,2020-01,4.18,0.22285714285714286,2020-01-01T00:00:00
Rohtak,2020-08,2.89875,-1.3375000000000001,2020-08-01T00:00:00
Rohtak,2020-11,6.023999999999999,3.11,2020-11-01T00:00:00
Rohtak,2021-01,4.034285714285714,-0.09,2021-01-01T00:00:00
Shamli,2013-01,17.583333333333332,-0.54,2013-01-01T00:00:00
Shamli,2013-05,18.606666666666666,1.1733333333333333,2013-05-01T00:00:00
Shamli,2013-08,16.744999999999997,0.18,2013-08-01T00:00:00
Shamli,2013-11,15.125,-1.245,2013-11-01T00:00:00
Shamli,2014-01,15.175,-0.9225,2014-01-01T00:00:00
Shamli,2014-05,17.7,0.39999999999999997,2014-05-01T00:00:00
Shamli,2015-05,17.105,1.63,2015-05-01T00:00:00
Shamli,2015-08,12.485,-4.62,2015-08-01T00:00:00
Shamli,2015-11,14.916666666666666,5.68,2015-11-01T00:00:00
Shamli,2016-05,19.483333333333334,0.9566666666666667,2016-05-01T00:00:00
Shamli,2016-11,19.025,-0.4475,2016-11-01T00:00:00
Shamli,2017-01,18.85,-0.17500000000000002,2017-01-01T00:00:00
Shamli,2017-05,15.906666666666666,2.19,2017-05-01T00:00:00
Shamli,2017-08,15.1,-5.0,2017-08-01T00:00:00
Shamli,2017-11,15.076666666666668,-2.3566666666666665,2017-11-01T00:00:00
Shamli,2018-01,17.91333333333333,2.8366666666666664,2018-01-01T00:00:00
Shamli,2018-05,13.395,-8.52,2018-05-01T00:00:00
Shamli,2018-08,16.72,8.465,2018-08-01T00:00:00
Shamli,2018-11,6.57,-16.51,2018-11-01T00:00:00
Shamli,2019-01,14.12,-1.155,2019-01-01T00:00:00
Shamli,2019-05,12.44,0.8366666666666668,2019-05-01T00:00:00
Shamli,2019-08,12.606666666666667,0.16666666666666666,2019-08-01T00:00:00
Shamli,2020-01,11.56,-1.0466666666666666,2020-01-01T00:00:00
Shamli,2020-08,12.18,0.62,2020-08-01T00:00:00
Shamli,2020-11,12.856666666666667,0.6766666666666666,2020-11-01T00:00:00
Shamli,2021-01,12.57,-0.2866666666666667,2021-01-01T00:00:00
Sonipat,2013-01,8.818444444444443,-1.4244444444444444,2013-01-01T00:00:00
Sonipat,2013-05,8.473235294117647,0.3361764705882353,2013-05-01T00:00:00
Sonipat,2013-08,9.417222222222222,-1.1355555555555557,2013-08-01T00:00:00
Sonipat,2013-11,8.379024390243902,-0.4573170731707317,2013-11-01T00:00:00
Sonipat,2014-01,11.323846153846155,0.11153846153846152,2014-01-01T00:00:00
Sonipat,2014-05,8.624117647058824,0.4979411764705882,2014-05-01T00:00:00
Sonipat,2014-08,8.57125,0.554375,2014-08-01T00:00:00
Sonipat,2014-11,9.915384615384616,0.48615384615384616,2014-11-01T00:00:00
Sonipat,2015-01,14.1175,-1.0174999999999998,2015-01-01T00:00:00
Sonipat,2015-05,9.093,0.4686666666666666,2015-05-01T00:00:00
Sonipat,2015-08,10.45857142857143,-1.0242857142857142,2015-08-01T00:00:00
Sonipat,2015-11,8.343389830508475,-0.17016949152542374,2015-11-01T00:00:00
Sonipat,2016-01,18.842857142857145,-0.4557142857142859,2016-01-01T00:00:00
Sonipat,2016-05,10.513333333333334,0.9496296296296296,2016-05-01T00:00:00
Sonipat,2016-08,14.219999999999999,0.23444444444444448,2016-08-01T00:00:00
Sonipat,2016-11,9.275357142857143,0.8239285714285715,2016-11-01T00:00:00
Sonipat,2017-01,8.495000000000001,0.045,2017-01-01T00:00:00
Sonipat,2017-05,11.2532,-0.11800000000000002,2017-05-01T00:00:00
Sonipat,2017-08,13.709999999999999,-0.15699999999999997,2017-08-01T00:00:00
Sonipat,2017-11,9.375666666666666,-0.4666666666666667,2017-11-01T00:00:00
Sonipat,2017-12,10.912592592592592,-0.5348148148148149,2017-12-01T00:00:00
Sonipat,2018-04,11.545909090909092,1.521818181818182,2018-04-01T00:00:00
Sonipat,2018-05,11.597586206896551,1.9113793103448276,2018-05-01T00:00:00
Sonipat,2018-08,11.306666666666667,-0.34125000000000005,2018-08-01T00:00:00
Sonipat,2018-10,9.803333333333335,-0.4294117647058823,2018-10-01T00:00:00
Sonipat,2018-12,10.442307692307692,0.31884615384615383,2018-12-01T00:00:00
Sonipat,2019-05,9.658695652173913,0.8926086956521739,2019-05-01T00:00:00
Sonipat,2019-08,10.9548,-0.2692,2019-08-01T00:00:00
Sonipat,2019-10,11.187916666666666,0.10541666666666667,2019-10-01T00:00:00
Sonipat,2020-01,10.690000000000001,-0.027142857142857142,2020-01-01T00:00:00
Sonipat,2020-08,9.852083333333333,-0.7195833333333334,2020-08-01T00:00:00
Sonipat,2020-11,10.388518518518518,2.0714814814814813,2020-11-01T00:00:00
Sonipat,2021-01,9.291304347826086,-1.2778260869565217,2021-01-01T00:00:00
South West Delhi,2013-11,1.58,-0.43,2013-11-01T00:00:00
South West Delhi,2014-05,2.24,0.66,2014-05-01T00:00:00
South West Delhi,2015-05,2.115,0.0050000000000000044,2015-05-01T00:00:00
South West Delhi,2015-11,2.235,0.12000000000000001,2015-11-01T00:00:00
South West Delhi,2016-05,3.11,0.92,2016-05-01T00:00:00
South West Delhi,2016-11,1.78,-1.33,2016-11-01T00:00:00
South West Delhi,2017-05,2.43,0.65,2017-05-01T00:00:00
South West Delhi,2017-11,1.99,-0.44,2017-11-01T00:00:00
South West Delhi,2018-05,1.89,-0.39,2018-05-01T00:00:00
South West Delhi,2018-08,0.94,-1.05,2018-08-01T00:00:00
South West Delhi,2018-10,1.295,-0.12,2018-10-01T00:00:00
South West Delhi,2018-12,1.31,0.18,2018-12-01T00:00:00
South West Delhi,2019-08,1.0,-0.31,2019-08-01T00:00:00
South West Delhi,2019-10,1.5,0.5,2019-10-01T00:00:00
South West Delhi,2020-08,2.12,0.62,2020-08-01T00:00:00
South West Delhi,2020-11,1.3,-0.82,2020-11-01T00:00:00
South West Delhi,2021-01,1.48,0.18,2021-01-01T00:00:00
West,2013-01,10.804999999999998,1.1350000000000002,2013-01-01T00:00:00
West,2013-05,11.205,0.9450000000000001,2013-05-01T00:00:00
West,2013-08,9.727500000000001,-1.4775,2013-08-01T00:00:00
West,2013-11,9.9675,0.24,2013-11-01T00:00:00
West,2014-01,9.96375,-0.0037500000000000346,2014-01-01T00:00:00
West,2014-05,10.870000000000001,0.90625,2014-05-01T00:00:00
West,2014-08,11.495,0.625,2014-08-01T00:00:00
West,2014-11,11.74,0.245,2014-11-01T00:00:00
West,2015-01,11.84875,0.10875,2015-01-01T00:00:00
West,2015-05,12.265,0.41625,2015-05-01T00:00:00
West,2015-08,10.66,-1.605,2015-08-01T00:00:00
West,2015-11,11.06875,0.40875000000000006,2015-11-01T00:00:00
West,2016-01,6.169999999999999,0.37000000000000005,2016-01-01T00:00:00
West,2016-05,15.051666666666668,0.6683333333333333,2016-05-01T00:00:00
West,2016-08,11.32888888888889,-0.7622222222222221,2016-08-01T00:00:00
West,2016-11,11.643333333333334,0.31444444444444447,2016-11-01T00:00:00
West,2017-01,12.138571428571428,2.9738116731030977e-18,2017-01-01T00:00:00
West,2017-05,11.65125,0.36124999999999996,2017-05-01T00:00:00
West,2017-08,10.987777777777778,-0.3111111111111111,2017-08-01T00:00:00
West,2017-11,12.988333333333332,-0.24833333333333338,2017-11-01T00:00:00
West,2018-01,11.914285714285713,0.13428571428571429,2018-01-01T00:00:00
West,2018-05,13.39857142857143,1.4842857142857144,2018-05-01T00:00:00
West,2018-08,11.848571428571429,-1.55,2018-08-01T00:00:00
West,2018-10,12.4,0.5514285714285714,2018-10-01T00:00:00
West,2018-12,14.209999999999999,-0.08199999999999999,2018-12-01T00:00:00
West,2019-01,8.99,-0.03,2019-01-01T00:00:00
West,2019-05,11.992857142857144,-0.3442857142857143,2019-05-01T00:00:00
West,2019-08,11.498571428571427,-0.4942857142857143,2019-08-01T00:00:00
West,2019-10,11.692857142857145,0.19428571428571426,2019-10-01T00:00:00
West,2019-12,11.607142857142858,-0.08571428571428572,2019-12-01T00:00:00
West,2020-08,10.657142857142857,-0.9500000000000001,2020-08-01T00:00:00
West,2020-11,11.817142857142857,1.1600000000000001,2020-11-01T00:00:00
West,2021-01,10.984285714285715,-0.8328571428571429,2021-01-01T00:00:00
West Delhi,2013-01,10.804999999999998,1.1350000000000002,2013-01-01T00:00:00
West Delhi,2013-05,11.205,0.9450000000000001,2013-05-01T00:00:00
West Delhi,2013-08,9.727500000000001,-1.4775,2013-08-01T00:00:00
West Delhi,2013-11,9.9675,0.24,2013-11-01T00:00:00
West Delhi,2014-01,9.96375,-0.0037500000000000346,2014-01-01T00:00:00
West Delhi,2014-05,10.870000000000001,0.90625,2014-05-01T00:00:00
West Delhi,2014-08,11.495,0.625,2014-08-01T00:00:00
West Delhi,2014-11,11.74,0.245,2014-11-01T00:00:00
West Delhi,2015-01,11.84875,0.10875,2015-01-01T00:00:00
West Delhi,2015-05,12.265,0.41625,2015-05-01T00:00:00
West Delhi,2015-08,10.66,-1.605,2015-08-01T00:00:00
West Delhi,2015-11,11.06875,0.40875000000000006,2015-11-01T00:00:00
West Delhi,2016-01,6.169999999999999,0.37000000000000005,2016-01-01T00:00:00
West Delhi,2016-05,15.051666666666668,0.6683333333333333,2016-05-01T00:00:00
West Delhi,2016-08,11.32888888888889,-0.7622222222222221,2016-08-01T00:00:00
West Delhi,2016-11,11.643333333333334,0.31444444444444447,2016-11-01T00:00:00
West Delhi,2017-01,12.138571428571428,2.9738116731030977e-18,2017-01-01T00:00:00
West Delhi,2017-05,11.65125,0.36124999999999996,2017-05-01T00:00:00
West Delhi,2017-08,10.987777777777778,-0.3111111111111111,2017-08-01T00:00:00
West Delhi,2017-11,12.988333333333332,-0.24833333333333338,2017-11-01T00:00:00
West Delhi,2018-01,11.914285714285713,0.13428571428571429,2018-01-01T00:00:00
West Delhi,2018-05,13.39857142857143,1.4842857142857144,2018-05-01T00:00:00
West Delhi,2018-08,11.848571428571429,-1.55,2018-08-01T00:00:00
West Delhi,2018-10,12.4,0.5514285714285714,2018-10-01T00:00:00
West Delhi,2018-12,14.209999999999999,-0.08199999999999999,2018-12-01T00:00:00
West Delhi,2019-01,8.99,-0.03,2019-01-01T00:00:00
West Delhi,2019-05,11.992857142857144,-0.3442857142857143,2019-05-01T00:00:00
West Delhi,2019-08,11.498571428571427,-0.4942857142857143,2019-08-01T00:00:00
West Delhi,2019-10,11.692857142857145,0.19428571428571426,2019-10-01T00:00:00
West Delhi,2019-12,11.607142857142858,-0.08571428571428572,2019-12-01T00:00:00
West Delhi,2020-08,10.657142857142857,-0.9500000000000001,2020-08-01T00:00:00
West Delhi,2020-11,11.817142857142857,1.1600000000000001,2020-11-01T00:00:00
West Delhi,2021-01,10.984285714285715,-0.8328571428571429,2021-01-01T00:00:00
