DISTRICT_NAME,TEMP,date
Alwar,3.310177803039551,2020-01-01
Meerut,2.746440887451172,2020-01-01
Rohtak,2.8578386306762695,2020-01-01
Alwar,6.6277313232421875,2020-01-02
Meerut,5.853211402893066,2020-01-02
Rohtak,5.896366596221924,2020-01-02
Alwar,7.507636547088623,2020-01-03
Meerut,7.318048477172852,2020-01-03
Rohtak,7.186954498291016,2020-01-03
Alwar,7.261062145233154,2020-01-04
Meerut,6.567670822143555,2020-01-04
Rohtak,6.344249725341797,2020-01-04
Alwar,6.8418684005737305,2020-01-05
Meerut,6.513742446899414,2020-01-05
Rohtak,6.703002452850342,2020-01-05
Alwar,9.532472610473633,2020-01-06
Meerut,8.51204776763916,2020-01-06
Rohtak,9.879907608032227,2020-01-06
Alwar,11.230077743530273,2020-01-07
Meerut,10.834283828735352,2020-01-07
Rohtak,11.182832717895508,2020-01-07
Alwar,11.494159698486328,2020-01-08
Meerut,11.472880363464355,2020-01-08
Rohtak,11.532546043395996,2020-01-08
Alwar,5.28477144241333,2020-01-09
Meerut,6.107650279998779,2020-01-09
Rohtak,5.291631698608398,2020-01-09
Alwar,3.852565050125122,2020-01-10
Meerut,4.650426864624023,2020-01-10
Rohtak,3.9126806259155273,2020-01-10
Alwar,4.706369400024414,2020-01-11
Meerut,5.357067584991455,2020-01-11
Rohtak,5.003380298614502,2020-01-11
Alwar,5.636987686157227,2020-01-12
Meerut,6.426952362060547,2020-01-12
Rohtak,6.148970127105713,2020-01-12
Alwar,9.946136474609375,2020-01-13
Meerut,9.450528144836426,2020-01-13
Rohtak,9.837882041931152,2020-01-13
Alwar,6.819273948669434,2020-01-14
Meerut,7.846800327301025,2020-01-14
Rohtak,6.900434970855713,2020-01-14
Alwar,5.534505844116211,2020-01-15
Meerut,6.19354772567749,2020-01-15
Rohtak,4.993896484375,2020-01-15
Alwar,8.661718368530273,2020-01-16
Meerut,8.298030853271484,2020-01-16
Rohtak,7.4637556076049805,2020-01-16
Alwar,6.81820011138916,2020-01-17
Meerut,8.260805130004883,2020-01-17
Rohtak,6.975986480712891,2020-01-17
Alwar,6.168198585510254,2020-01-18
Meerut,7.752782821655273,2020-01-18
Rohtak,6.696105480194092,2020-01-18
Alwar,6.019714832305908,2020-01-19
Meerut,6.702463150024414,2020-01-19
Rohtak,5.910193920135498,2020-01-19
Alwar,5.060901641845703,2020-01-20
Meerut,6.9063215255737305,2020-01-20
Rohtak,6.068408489227295,2020-01-20
Alwar,7.795093059539795,2020-01-21
Meerut,7.675673484802246,2020-01-21
Rohtak,8.14249324798584,2020-01-21
Alwar,7.0035881996154785,2020-01-22
Meerut,6.6974263191223145,2020-01-22
Rohtak,6.777453422546387,2020-01-22
Alwar,6.667540073394775,2020-01-23
Meerut,6.954590797424316,2020-01-23
Rohtak,6.4714484214782715,2020-01-23
Alwar,5.773866653442383,2020-01-24
Meerut,6.515779972076416,2020-01-24
Rohtak,5.9663004875183105,2020-01-24
Alwar,4.309367656707764,2020-01-25
Meerut,5.435275077819824,2020-01-25
Rohtak,4.229973316192627,2020-01-25
Alwar,6.140626907348633,2020-01-26
Meerut,7.025042533874512,2020-01-26
Rohtak,6.734387397766113,2020-01-26
Alwar,9.154958724975586,2020-01-27
Meerut,7.845023155212402,2020-01-27
Rohtak,8.772424697875977,2020-01-27
Alwar,10.755998611450195,2020-01-28
Meerut,10.123345375061035,2020-01-28
Rohtak,11.029430389404297,2020-01-28
Alwar,7.6000165939331055,2020-01-29
Meerut,8.680180549621582,2020-01-29
Rohtak,8.049150466918945,2020-01-29
Alwar,5.664441108703613,2020-01-30
Meerut,6.263322353363037,2020-01-30
Rohtak,6.332516670227051,2020-01-30
Alwar,5.130819320678711,2020-01-31
Meerut,6.6117706298828125,2020-01-31
Rohtak,5.983582019805908,2020-01-31
Alwar,5.797341346740723,2020-02-01
Meerut,5.636849403381348,2020-02-01
Rohtak,5.5376176834106445,2020-02-01
Alwar,5.311946392059326,2020-02-02
Meerut,5.813324451446533,2020-02-02
Rohtak,5.4974236488342285,2020-02-02
Alwar,5.202113151550293,2020-02-03
Meerut,5.452456474304199,2020-02-03
Rohtak,4.98915958404541,2020-02-03
Alwar,6.639055252075195,2020-02-04
Meerut,5.439135551452637,2020-02-04
Rohtak,5.9696364402771,2020-02-04
Alwar,6.994047164916992,2020-02-05
Meerut,6.057981491088867,2020-02-05
Rohtak,6.662734031677246,2020-02-05
Alwar,5.50421142578125,2020-02-06
Meerut,5.693487167358398,2020-02-06
Rohtak,5.519724369049072,2020-02-06
Alwar,5.415532112121582,2020-02-07
Meerut,4.904187202453613,2020-02-07
Rohtak,5.484135627746582,2020-02-07
Alwar,5.106070041656494,2020-02-08
Meerut,5.5200090408325195,2020-02-08
Rohtak,5.412036895751953,2020-02-08
Alwar,4.934575080871582,2020-02-09
Meerut,5.927595138549805,2020-02-09
Rohtak,5.560341835021973,2020-02-09
Alwar,5.513741493225098,2020-02-10
Meerut,6.28509521484375,2020-02-10
Rohtak,6.065948486328125,2020-02-10
Alwar,6.290645599365234,2020-02-11
Meerut,5.964858055114746,2020-02-11
Rohtak,6.571931838989258,2020-02-11
Alwar,7.6136980056762695,2020-02-12
Meerut,8.798147201538086,2020-02-12
Rohtak,8.513501167297363,2020-02-12
Alwar,9.97084903717041,2020-02-13
Meerut,11.182765007019043,2020-02-13
Rohtak,10.568893432617188,2020-02-13
Alwar,11.55235767364502,2020-02-14
Meerut,11.994547843933105,2020-02-14
Rohtak,11.717615127563477,2020-02-14
Alwar,8.863829612731934,2020-02-15
Meerut,10.069975852966309,2020-02-15
Rohtak,9.021635055541992,2020-02-15
Alwar,7.535989284515381,2020-02-16
Meerut,9.745567321777344,2020-02-16
Rohtak,8.592451095581055,2020-02-16
Alwar,8.42836856842041,2020-02-17
Meerut,9.900385856628418,2020-02-17
Rohtak,8.823929786682129,2020-02-17
Alwar,8.450793266296387,2020-02-18
Meerut,9.967874526977539,2020-02-18
Rohtak,9.048124313354492,2020-02-18
Alwar,9.297279357910156,2020-02-19
Meerut,10.047689437866211,2020-02-19
Rohtak,9.375203132629395,2020-02-19
Alwar,13.987436294555664,2020-02-20
Meerut,13.704927444458008,2020-02-20
Rohtak,14.33968448638916,2020-02-20
Alwar,13.898337364196777,2020-02-21
Meerut,13.556112289428711,2020-02-21
Rohtak,14.172323226928711,2020-02-21
Alwar,10.689172744750977,2020-02-22
Meerut,11.308323860168457,2020-02-22
Rohtak,11.047083854675293,2020-02-22
Alwar,11.764725685119629,2020-02-23
Meerut,12.31456184387207,2020-02-23
Rohtak,12.153822898864746,2020-02-23
Alwar,10.749950408935547,2020-02-24
Meerut,10.887627601623535,2020-02-24
Rohtak,10.8876371383667,2020-02-24
Alwar,11.247446060180664,2020-02-25
Meerut,11.624687194824219,2020-02-25
Rohtak,11.575532913208008,2020-02-25
Alwar,12.236160278320312,2020-02-26
Meerut,11.807634353637695,2020-02-26
Rohtak,12.6327486038208,2020-02-26
Alwar,13.747297286987305,2020-02-27
Meerut,13.079401016235352,2020-02-27
Rohtak,13.570343971252441,2020-02-27
Alwar,16.435691833496094,2020-02-28
Meerut,14.665277481079102,2020-02-28
Rohtak,16.371124267578125,2020-02-28
Alwar,15.888582229614258,2020-02-29
Meerut,15.527271270751953,2020-02-29
Rohtak,16.534257888793945,2020-02-29
Alwar,13.401505470275879,2020-03-01
Meerut,12.768451690673828,2020-03-01
Rohtak,13.353498458862305,2020-03-01
Alwar,13.928497314453125,2020-03-02
Meerut,13.1453218460083,2020-03-02
Rohtak,13.436114311218262,2020-03-02
Alwar,14.040075302124023,2020-03-03
Meerut,12.904752731323242,2020-03-03
Rohtak,13.624618530273438,2020-03-03
Alwar,14.91897964477539,2020-03-04
Meerut,13.036615371704102,2020-03-04
Rohtak,13.555770874023438,2020-03-04
Alwar,13.401718139648438,2020-03-05
Meerut,13.865632057189941,2020-03-05
Rohtak,13.532248497009277,2020-03-05
Alwar,12.85505199432373,2020-03-06
Meerut,13.449397087097168,2020-03-06
Rohtak,13.402518272399902,2020-03-06
Alwar,11.942906379699707,2020-03-07
Meerut,11.551321029663086,2020-03-07
Rohtak,11.801115036010742,2020-03-07
Alwar,10.575279235839844,2020-03-08
Meerut,10.310986518859863,2020-03-08
Rohtak,10.072015762329102,2020-03-08
Alwar,10.982871055603027,2020-03-09
Meerut,11.704877853393555,2020-03-09
Rohtak,11.533058166503906,2020-03-09
Alwar,11.333109855651855,2020-03-10
Meerut,11.363520622253418,2020-03-10
Rohtak,10.95018196105957,2020-03-10
Alwar,12.936407089233398,2020-03-11
Meerut,13.8831787109375,2020-03-11
Rohtak,13.96216106414795,2020-03-11
Alwar,12.364340782165527,2020-03-12
Meerut,13.659183502197266,2020-03-12
Rohtak,13.055838584899902,2020-03-12
Alwar,12.084953308105469,2020-03-13
Meerut,13.256325721740723,2020-03-13
Rohtak,12.019083023071289,2020-03-13
Alwar,12.863759994506836,2020-03-14
Meerut,12.960399627685547,2020-03-14
Rohtak,12.866011619567871,2020-03-14
Alwar,10.952524185180664,2020-03-15
Meerut,10.82508659362793,2020-03-15
Rohtak,11.081063270568848,2020-03-15
Alwar,11.878565788269043,2020-03-16
Meerut,11.759228706359863,2020-03-16
Rohtak,11.908443450927734,2020-03-16
Alwar,11.891804695129395,2020-03-17
Meerut,12.406128883361816,2020-03-17
Rohtak,12.367341995239258,2020-03-17
Alwar,13.28857421875,2020-03-18
Meerut,13.3592529296875,2020-03-18
Rohtak,13.477829933166504,2020-03-18
Alwar,15.17893123626709,2020-03-19
Meerut,14.809935569763184,2020-03-19
Rohtak,15.799629211425781,2020-03-19
Alwar,16.476150512695312,2020-03-20
Meerut,15.007209777832031,2020-03-20
Rohtak,16.6242733001709,2020-03-20
Alwar,17.093727111816406,2020-03-21
Meerut,16.689220428466797,2020-03-21
Rohtak,16.303552627563477,2020-03-21
Alwar,15.586363792419434,2020-03-22
Meerut,15.293111801147461,2020-03-22
Rohtak,15.406615257263184,2020-03-22
Alwar,17.01116180419922,2020-03-23
Meerut,15.739360809326172,2020-03-23
Rohtak,16.48073959350586,2020-03-23
Alwar,17.83065414428711,2020-03-24
Meerut,17.250152587890625,2020-03-24
Rohtak,17.998130798339844,2020-03-24
Alwar,16.68244743347168,2020-03-25
Meerut,16.35488510131836,2020-03-25
Rohtak,16.353185653686523,2020-03-25
Alwar,18.315176010131836,2020-03-26
Meerut,18.200592041015625,2020-03-26
Rohtak,17.96996307373047,2020-03-26
Alwar,16.203975677490234,2020-03-27
Meerut,18.07557487487793,2020-03-27
Rohtak,17.57712173461914,2020-03-27
Alwar,14.099540710449219,2020-03-28
Meerut,14.344326972961426,2020-03-28
Rohtak,14.194746017456055,2020-03-28
Alwar,15.152128219604492,2020-03-29
Meerut,15.725129127502441,2020-03-29
Rohtak,15.636924743652344,2020-03-29
Alwar,14.739709854125977,2020-03-30
Meerut,14.856281280517578,2020-03-30
Rohtak,14.788739204406738,2020-03-30
Alwar,15.918473243713379,2020-03-31
Meerut,15.937227249145508,2020-03-31
Rohtak,16.025386810302734,2020-03-31
Alwar,16.75098419189453,2020-04-01
Meerut,16.683015823364258,2020-04-01
Rohtak,16.457576751708984,2020-04-01
Alwar,17.236766815185547,2020-04-02
Meerut,17.47457504272461,2020-04-02
Rohtak,17.134668350219727,2020-04-02
Alwar,15.320961952209473,2020-04-03
Meerut,14.830297470092773,2020-04-03
Rohtak,15.022465705871582,2020-04-03
Alwar,14.871953010559082,2020-04-04
Meerut,14.931133270263672,2020-04-04
Rohtak,14.871871948242188,2020-04-04
Alwar,17.10955810546875,2020-04-05
Meerut,16.503328323364258,2020-04-05
Rohtak,17.398122787475586,2020-04-05
Alwar,18.149866104125977,2020-04-06
Meerut,17.769786834716797,2020-04-06
Rohtak,18.322053909301758,2020-04-06
Alwar,17.341951370239258,2020-04-07
Meerut,17.385087966918945,2020-04-07
Rohtak,17.612754821777344,2020-04-07
Alwar,18.24872589111328,2020-04-08
Meerut,19.108722686767578,2020-04-08
Rohtak,18.041210174560547,2020-04-08
Alwar,16.95637321472168,2020-04-09
Meerut,16.798282623291016,2020-04-09
Rohtak,16.39006805419922,2020-04-09
Alwar,17.72250747680664,2020-04-10
Meerut,17.839134216308594,2020-04-10
Rohtak,18.144271850585938,2020-04-10
Alwar,18.6956844329834,2020-04-11
Meerut,18.842365264892578,2020-04-11
Rohtak,19.430383682250977,2020-04-11
Alwar,18.537113189697266,2020-04-12
Meerut,19.099014282226562,2020-04-12
Rohtak,19.212966918945312,2020-04-12
Alwar,20.35775375366211,2020-04-13
Meerut,19.952688217163086,2020-04-13
Rohtak,20.355003356933594,2020-04-13
Alwar,23.10024070739746,2020-04-14
Meerut,22.229156494140625,2020-04-14
Rohtak,22.54623794555664,2020-04-14
Alwar,23.774229049682617,2020-04-15
Meerut,23.5174617767334,2020-04-15
Rohtak,24.310134887695312,2020-04-15
Alwar,21.658802032470703,2020-04-16
Meerut,22.08566665649414,2020-04-16
Rohtak,22.41907501220703,2020-04-16
Alwar,23.311857223510742,2020-04-17
Meerut,23.640214920043945,2020-04-17
Rohtak,23.989543914794922,2020-04-17
Alwar,21.581867218017578,2020-04-18
Meerut,20.174652099609375,2020-04-18
Rohtak,20.845407485961914,2020-04-18
Alwar,19.643129348754883,2020-04-19
Meerut,18.802106857299805,2020-04-19
Rohtak,18.941650390625,2020-04-19
Alwar,18.706512451171875,2020-04-20
Meerut,19.361392974853516,2020-04-20
Rohtak,19.335399627685547,2020-04-20
Alwar,17.425537109375,2020-04-21
Meerut,17.109949111938477,2020-04-21
Rohtak,16.92451286315918,2020-04-21
Alwar,18.382286071777344,2020-04-22
Meerut,18.501272201538086,2020-04-22
Rohtak,18.3723201751709,2020-04-22
Alwar,21.66488265991211,2020-04-23
Meerut,21.112167358398438,2020-04-23
Rohtak,21.785924911499023,2020-04-23
Alwar,19.45882797241211,2020-04-24
Meerut,19.837753295898438,2020-04-24
Rohtak,19.76109504699707,2020-04-24
Alwar,20.706880569458008,2020-04-25
Meerut,21.842958450317383,2020-04-25
Rohtak,21.55853271484375,2020-04-25
Alwar,21.38187599182129,2020-04-26
Meerut,21.596942901611328,2020-04-26
Rohtak,21.666807174682617,2020-04-26
Alwar,19.064727783203125,2020-04-27
Meerut,19.172500610351562,2020-04-27
Rohtak,19.485986709594727,2020-04-27
Alwar,21.70513153076172,2020-04-28
Meerut,20.095327377319336,2020-04-28
Rohtak,21.186969757080078,2020-04-28
Alwar,22.38812828063965,2020-04-29
Meerut,21.84636878967285,2020-04-29
Rohtak,22.153148651123047,2020-04-29
Alwar,23.50884437561035,2020-04-30
Meerut,23.652801513671875,2020-04-30
Rohtak,23.97329330444336,2020-04-30
Alwar,23.366844177246094,2020-05-01
Meerut,22.219287872314453,2020-05-01
Rohtak,23.362491607666016,2020-05-01
Alwar,24.491554260253906,2020-05-02
Meerut,23.15329933166504,2020-05-02
Rohtak,24.869123458862305,2020-05-02
Alwar,25.301288604736328,2020-05-03
Meerut,24.62994956970215,2020-05-03
Rohtak,25.596323013305664,2020-05-03
Alwar,19.525089263916016,2020-05-04
Meerut,20.40111541748047,2020-05-04
Rohtak,19.996309280395508,2020-05-04
Alwar,21.72126579284668,2020-05-05
Meerut,22.676254272460938,2020-05-05
Rohtak,22.168363571166992,2020-05-05
Alwar,21.8815860748291,2020-05-06
Meerut,22.356599807739258,2020-05-06
Rohtak,22.507190704345703,2020-05-06
Alwar,20.75980567932129,2020-05-07
Meerut,19.613666534423828,2020-05-07
Rohtak,20.277202606201172,2020-05-07
Alwar,22.510452270507812,2020-05-08
Meerut,21.024215698242188,2020-05-08
Rohtak,22.190221786499023,2020-05-08
Alwar,24.056196212768555,2020-05-09
Meerut,23.583215713500977,2020-05-09
Rohtak,23.576492309570312,2020-05-09
Alwar,25.15911865234375,2020-05-10
Meerut,24.943464279174805,2020-05-10
Rohtak,25.602357864379883,2020-05-10
Alwar,21.862226486206055,2020-05-11
Meerut,20.930152893066406,2020-05-11
Rohtak,21.72357940673828,2020-05-11
Alwar,22.271610260009766,2020-05-12
Meerut,23.24758529663086,2020-05-12
Rohtak,22.32196044921875,2020-05-12
Alwar,23.124616622924805,2020-05-13
Meerut,24.084796905517578,2020-05-13
Rohtak,23.66590118408203,2020-05-13
Alwar,22.323772430419922,2020-05-14
Meerut,22.717374801635742,2020-05-14
Rohtak,23.015167236328125,2020-05-14
Alwar,23.09575653076172,2020-05-15
Meerut,22.922176361083984,2020-05-15
Rohtak,22.867198944091797,2020-05-15
Alwar,22.70376205444336,2020-05-16
Meerut,23.021516799926758,2020-05-16
Rohtak,22.903776168823242,2020-05-16
Alwar,22.86016082763672,2020-05-17
Meerut,22.946205139160156,2020-05-17
Rohtak,22.971006393432617,2020-05-17
Alwar,22.908843994140625,2020-05-18
Meerut,23.243141174316406,2020-05-18
Rohtak,22.89311408996582,2020-05-18
Alwar,21.852418899536133,2020-05-19
Meerut,21.626054763793945,2020-05-19
Rohtak,21.998462677001953,2020-05-19
Alwar,22.30791473388672,2020-05-20
Meerut,21.875961303710938,2020-05-20
Rohtak,22.374143600463867,2020-05-20
Alwar,21.691390991210938,2020-05-21
Meerut,22.720882415771484,2020-05-21
Rohtak,22.518789291381836,2020-05-21
Alwar,24.05881690979004,2020-05-22
Meerut,23.412799835205078,2020-05-22
Rohtak,23.909591674804688,2020-05-22
Alwar,27.386550903320312,2020-05-23
Meerut,26.699918746948242,2020-05-23
Rohtak,27.159040451049805,2020-05-23
Alwar,27.975072860717773,2020-05-24
Meerut,27.491912841796875,2020-05-24
Rohtak,27.05509376525879,2020-05-24
Alwar,27.624984741210938,2020-05-25
Meerut,26.872743606567383,2020-05-25
Rohtak,27.446134567260742,2020-05-25
Alwar,28.95287322998047,2020-05-26
Meerut,27.364093780517578,2020-05-26
Rohtak,28.583152770996094,2020-05-26
Alwar,29.3028621673584,2020-05-27
Meerut,27.206029891967773,2020-05-27
Rohtak,28.580547332763672,2020-05-27
Alwar,29.281192779541016,2020-05-28
Meerut,27.82164192199707,2020-05-28
Rohtak,29.2959041595459,2020-05-28
Alwar,24.326391220092773,2020-05-29
Meerut,23.46213150024414,2020-05-29
Rohtak,23.966474533081055,2020-05-29
Alwar,21.920673370361328,2020-05-30
Meerut,23.756643295288086,2020-05-30
Rohtak,22.546659469604492,2020-05-30
Alwar,21.55543327331543,2020-05-31
Meerut,22.05815887451172,2020-05-31
Rohtak,21.67735481262207,2020-05-31
Alwar,22.56540298461914,2020-06-01
Meerut,21.448461532592773,2020-06-01
Rohtak,22.38202476501465,2020-06-01
Alwar,22.125782012939453,2020-06-02
Meerut,23.69814682006836,2020-06-02
Rohtak,23.175779342651367,2020-06-02
Alwar,24.073762893676758,2020-06-03
Meerut,23.739299774169922,2020-06-03
Rohtak,23.92694091796875,2020-06-03
Alwar,23.395187377929688,2020-06-04
Meerut,24.38702392578125,2020-06-04
Rohtak,23.706295013427734,2020-06-04
Alwar,22.028491973876953,2020-06-05
Meerut,22.64971160888672,2020-06-05
Rohtak,22.921785354614258,2020-06-05
Alwar,22.763837814331055,2020-06-06
Meerut,23.366514205932617,2020-06-06
Rohtak,23.923690795898438,2020-06-06
Alwar,24.296161651611328,2020-06-07
Meerut,24.336307525634766,2020-06-07
Rohtak,24.755250930786133,2020-06-07
Alwar,24.864797592163086,2020-06-08
Meerut,24.93273162841797,2020-06-08
Rohtak,24.95661163330078,2020-06-08
Alwar,26.527666091918945,2020-06-09
Meerut,26.946199417114258,2020-06-09
Rohtak,27.36250877380371,2020-06-09
Alwar,27.847383499145508,2020-06-10
Meerut,27.62740135192871,2020-06-10
Rohtak,27.966760635375977,2020-06-10
Alwar,26.639070510864258,2020-06-11
Meerut,27.04564666748047,2020-06-11
Rohtak,27.204519271850586,2020-06-11
Alwar,27.507625579833984,2020-06-12
Meerut,28.233797073364258,2020-06-12
Rohtak,27.873985290527344,2020-06-12
Alwar,28.863204956054688,2020-06-13
Meerut,29.332706451416016,2020-06-13
Rohtak,29.637451171875,2020-06-13
Alwar,27.07609748840332,2020-06-14
Meerut,27.590776443481445,2020-06-14
Rohtak,27.63088035583496,2020-06-14
Alwar,27.800918579101562,2020-06-15
Meerut,28.364503860473633,2020-06-15
Rohtak,28.57740592956543,2020-06-15
Alwar,27.987958908081055,2020-06-16
Meerut,28.365211486816406,2020-06-16
Rohtak,28.771833419799805,2020-06-16
Alwar,28.676761627197266,2020-06-17
Meerut,27.636972427368164,2020-06-17
Rohtak,28.628122329711914,2020-06-17
Alwar,29.03626823425293,2020-06-18
Meerut,28.305763244628906,2020-06-18
Rohtak,28.940141677856445,2020-06-18
Alwar,29.601398468017578,2020-06-19
Meerut,28.84347915649414,2020-06-19
Rohtak,29.82959747314453,2020-06-19
Alwar,26.619705200195312,2020-06-20
Meerut,27.513378143310547,2020-06-20
Rohtak,26.70291519165039,2020-06-20
Alwar,26.904266357421875,2020-06-21
Meerut,25.846435546875,2020-06-21
Rohtak,26.373151779174805,2020-06-21
Alwar,25.493806838989258,2020-06-22
Meerut,25.85053062438965,2020-06-22
Rohtak,25.337278366088867,2020-06-22
Alwar,27.16341209411621,2020-06-23
Meerut,27.928340911865234,2020-06-23
Rohtak,28.35591697692871,2020-06-23
Alwar,27.110509872436523,2020-06-24
Meerut,28.210969924926758,2020-06-24
Rohtak,28.22739028930664,2020-06-24
Alwar,26.271087646484375,2020-06-25
Meerut,27.28466033935547,2020-06-25
Rohtak,27.280189514160156,2020-06-25
Alwar,27.312929153442383,2020-06-26
Meerut,27.245771408081055,2020-06-26
Rohtak,27.35196304321289,2020-06-26
Alwar,27.595272064208984,2020-06-27
Meerut,27.987144470214844,2020-06-27
Rohtak,27.885095596313477,2020-06-27
Alwar,28.267404556274414,2020-06-28
Meerut,28.31037712097168,2020-06-28
Rohtak,28.836139678955078,2020-06-28
Alwar,29.692293167114258,2020-06-29
Meerut,29.200111389160156,2020-06-29
Rohtak,29.593473434448242,2020-06-29
Alwar,26.828466415405273,2020-06-30
Meerut,26.928129196166992,2020-06-30
Rohtak,27.61860466003418,2020-06-30
Alwar,28.27545166015625,2020-07-01
Meerut,28.555498123168945,2020-07-01
Rohtak,29.22218894958496,2020-07-01
Alwar,27.713180541992188,2020-07-02
Meerut,28.31005859375,2020-07-02
Rohtak,28.143550872802734,2020-07-02
Alwar,30.5678768157959,2020-07-03
Meerut,29.861751556396484,2020-07-03
Rohtak,30.51386833190918,2020-07-03
Alwar,28.2702693939209,2020-07-04
Meerut,27.897493362426758,2020-07-04
Rohtak,28.025943756103516,2020-07-04
Alwar,24.845361709594727,2020-07-05
Meerut,23.952943801879883,2020-07-05
Rohtak,24.32613754272461,2020-07-05
Alwar,26.934022903442383,2020-07-06
Meerut,26.860836029052734,2020-07-06
Rohtak,26.929405212402344,2020-07-06
Alwar,26.012680053710938,2020-07-07
Meerut,26.59665870666504,2020-07-07
Rohtak,27.095666885375977,2020-07-07
Alwar,26.15692710876465,2020-07-08
Meerut,26.168760299682617,2020-07-08
Rohtak,26.02043914794922,2020-07-08
Alwar,26.301542282104492,2020-07-09
Meerut,26.878633499145508,2020-07-09
Rohtak,26.89023208618164,2020-07-09
Alwar,27.00420570373535,2020-07-10
Meerut,27.709959030151367,2020-07-10
Rohtak,28.35795783996582,2020-07-10
Alwar,26.082931518554688,2020-07-11
Meerut,25.33284568786621,2020-07-11
Rohtak,25.732526779174805,2020-07-11
Alwar,27.154048919677734,2020-07-12
Meerut,25.782730102539062,2020-07-12
Rohtak,26.629878997802734,2020-07-12
Alwar,24.501020431518555,2020-07-13
Meerut,25.54799461364746,2020-07-13
Rohtak,24.597179412841797,2020-07-13
Alwar,26.880403518676758,2020-07-14
Meerut,27.81772232055664,2020-07-14
Rohtak,27.287574768066406,2020-07-14
Alwar,27.68316650390625,2020-07-15
Meerut,27.34366798400879,2020-07-15
Rohtak,27.79006576538086,2020-07-15
Alwar,27.634428024291992,2020-07-16
Meerut,27.59534454345703,2020-07-16
Rohtak,28.079513549804688,2020-07-16
Alwar,27.76492691040039,2020-07-17
Meerut,28.19721031188965,2020-07-17
Rohtak,28.33637237548828,2020-07-17
Alwar,28.891788482666016,2020-07-18
Meerut,28.705615997314453,2020-07-18
Rohtak,28.994638442993164,2020-07-18
Alwar,26.36667251586914,2020-07-19
Meerut,26.404951095581055,2020-07-19
Rohtak,26.38190269470215,2020-07-19
Alwar,25.034374237060547,2020-07-20
Meerut,25.568883895874023,2020-07-20
Rohtak,25.424272537231445,2020-07-20
Alwar,24.68916893005371,2020-07-21
Meerut,23.632104873657227,2020-07-21
Rohtak,24.495161056518555,2020-07-21
Alwar,24.56218147277832,2020-07-22
Meerut,24.079660415649414,2020-07-22
Rohtak,24.577564239501953,2020-07-22
Alwar,25.28054428100586,2020-07-23
Meerut,24.76930046081543,2020-07-23
Rohtak,25.2891902923584,2020-07-23
Alwar,25.749786376953125,2020-07-24
Meerut,25.78097915649414,2020-07-24
Rohtak,25.721885681152344,2020-07-24
Alwar,25.271425247192383,2020-07-25
Meerut,25.85036277770996,2020-07-25
Rohtak,25.833032608032227,2020-07-25
Alwar,26.196266174316406,2020-07-26
Meerut,26.563323974609375,2020-07-26
Rohtak,26.87555503845215,2020-07-26
Alwar,27.702268600463867,2020-07-27
Meerut,27.390987396240234,2020-07-27
Rohtak,27.812915802001953,2020-07-27
Alwar,28.001934051513672,2020-07-28
Meerut,28.336284637451172,2020-07-28
Rohtak,28.730955123901367,2020-07-28
Alwar,27.729063034057617,2020-07-29
Meerut,27.283246994018555,2020-07-29
Rohtak,28.378292083740234,2020-07-29
Alwar,25.39886474609375,2020-07-30
Meerut,25.19721031188965,2020-07-30
Rohtak,25.48707389831543,2020-07-30
Alwar,26.17714500427246,2020-07-31
Meerut,26.188777923583984,2020-07-31
Rohtak,26.471948623657227,2020-07-31
Alwar,26.898876190185547,2020-08-01
Meerut,26.52262306213379,2020-08-01
Rohtak,26.981945037841797,2020-08-01
Alwar,25.980918884277344,2020-08-02
Meerut,26.69403648376465,2020-08-02
Rohtak,26.623960494995117,2020-08-02
Alwar,26.54935073852539,2020-08-03
Meerut,27.62921905517578,2020-08-03
Rohtak,27.598819732666016,2020-08-03
Alwar,27.12626838684082,2020-08-04
Meerut,27.599742889404297,2020-08-04
Rohtak,28.013763427734375,2020-08-04
Alwar,27.136486053466797,2020-08-05
Meerut,27.707929611206055,2020-08-05
Rohtak,27.942407608032227,2020-08-05
Alwar,27.344696044921875,2020-08-06
Meerut,27.84385108947754,2020-08-06
Rohtak,27.9632568359375,2020-08-06
Alwar,26.118955612182617,2020-08-07
Meerut,27.076826095581055,2020-08-07
Rohtak,27.150203704833984,2020-08-07
Alwar,26.909481048583984,2020-08-08
Meerut,27.570720672607422,2020-08-08
Rohtak,27.875553131103516,2020-08-08
Alwar,26.22882652282715,2020-08-09
Meerut,27.49441146850586,2020-08-09
Rohtak,27.508893966674805,2020-08-09
Alwar,26.04996109008789,2020-08-10
Meerut,26.329513549804688,2020-08-10
Rohtak,26.69098472595215,2020-08-10
Alwar,26.017433166503906,2020-08-11
Meerut,26.267539978027344,2020-08-11
Rohtak,26.168176651000977,2020-08-11
Alwar,25.69122314453125,2020-08-12
Meerut,26.334680557250977,2020-08-12
Rohtak,26.443452835083008,2020-08-12
Alwar,26.00899887084961,2020-08-13
Meerut,26.428424835205078,2020-08-13
Rohtak,26.750463485717773,2020-08-13
Alwar,25.05094337463379,2020-08-14
Meerut,25.453289031982422,2020-08-14
Rohtak,25.673336029052734,2020-08-14
Alwar,25.72454261779785,2020-08-15
Meerut,26.37632179260254,2020-08-15
Rohtak,26.382871627807617,2020-08-15
Alwar,26.420146942138672,2020-08-16
Meerut,26.563249588012695,2020-08-16
Rohtak,26.971120834350586,2020-08-16
Alwar,26.60210418701172,2020-08-17
Meerut,26.78899383544922,2020-08-17
Rohtak,27.18394660949707,2020-08-17
Alwar,27.22032356262207,2020-08-18
Meerut,27.6437931060791,2020-08-18
Rohtak,27.801259994506836,2020-08-18
Alwar,25.68238067626953,2020-08-19
Meerut,25.833927154541016,2020-08-19
Rohtak,26.546720504760742,2020-08-19
Alwar,23.4180908203125,2020-08-20
Meerut,24.361196517944336,2020-08-20
Rohtak,23.660499572753906,2020-08-20
Alwar,24.801456451416016,2020-08-21
Meerut,24.45842742919922,2020-08-21
Rohtak,24.628034591674805,2020-08-21
Alwar,25.257055282592773,2020-08-22
Meerut,25.36931037902832,2020-08-22
Rohtak,25.461124420166016,2020-08-22
Alwar,25.14150619506836,2020-08-23
Meerut,25.624208450317383,2020-08-23
Rohtak,25.62624168395996,2020-08-23
Alwar,24.82638931274414,2020-08-24
Meerut,25.58333969116211,2020-08-24
Rohtak,25.594240188598633,2020-08-24
Alwar,24.805492401123047,2020-08-25
Meerut,25.75227165222168,2020-08-25
Rohtak,25.55023956298828,2020-08-25
Alwar,25.164644241333008,2020-08-26
Meerut,25.777015686035156,2020-08-26
Rohtak,25.90186882019043,2020-08-26
Alwar,25.66887855529785,2020-08-27
Meerut,25.682952880859375,2020-08-27
Rohtak,26.201059341430664,2020-08-27
Alwar,25.12169647216797,2020-08-28
Meerut,25.32308006286621,2020-08-28
Rohtak,25.409868240356445,2020-08-28
Alwar,24.736448287963867,2020-08-29
Meerut,24.763805389404297,2020-08-29
Rohtak,25.285507202148438,2020-08-29
Alwar,24.890775680541992,2020-08-30
Meerut,25.45513153076172,2020-08-30
Rohtak,25.644325256347656,2020-08-30
Alwar,23.761795043945312,2020-08-31
Meerut,25.485368728637695,2020-08-31
Rohtak,25.316097259521484,2020-08-31
Alwar,24.045225143432617,2020-09-01
Meerut,25.351499557495117,2020-09-01
Rohtak,24.962650299072266,2020-09-01
Alwar,24.901185989379883,2020-09-02
Meerut,25.742671966552734,2020-09-02
Rohtak,25.628704071044922,2020-09-02
Alwar,25.98756980895996,2020-09-03
Meerut,26.674602508544922,2020-09-03
Rohtak,26.746849060058594,2020-09-03
Alwar,24.798080444335938,2020-09-04
Meerut,25.673498153686523,2020-09-04
Rohtak,25.261362075805664,2020-09-04
Alwar,24.71825408935547,2020-09-05
Meerut,25.746505737304688,2020-09-05
Rohtak,25.655187606811523,2020-09-05
Alwar,24.031391143798828,2020-09-06
Meerut,24.83871841430664,2020-09-06
Rohtak,24.653438568115234,2020-09-06
Alwar,25.289438247680664,2020-09-07
Meerut,25.58487892150879,2020-09-07
Rohtak,25.661785125732422,2020-09-07
Alwar,24.5997371673584,2020-09-08
Meerut,25.760875701904297,2020-09-08
Rohtak,25.302276611328125,2020-09-08
Alwar,25.025588989257812,2020-09-09
Meerut,25.837785720825195,2020-09-09
Rohtak,25.782737731933594,2020-09-09
Alwar,25.249475479125977,2020-09-10
Meerut,25.8834228515625,2020-09-10
Rohtak,25.76645851135254,2020-09-10
Alwar,25.3714542388916,2020-09-11
Meerut,25.552936553955078,2020-09-11
Rohtak,25.61471176147461,2020-09-11
Alwar,25.47661590576172,2020-09-12
Meerut,25.962120056152344,2020-09-12
Rohtak,25.928306579589844,2020-09-12
Alwar,25.650955200195312,2020-09-13
Meerut,26.39801788330078,2020-09-13
Rohtak,26.245088577270508,2020-09-13
Alwar,25.33123207092285,2020-09-14
Meerut,26.34262466430664,2020-09-14
Rohtak,25.87678337097168,2020-09-14
Alwar,25.70966339111328,2020-09-15
Meerut,26.13326072692871,2020-09-15
Rohtak,25.92315101623535,2020-09-15
Alwar,26.128049850463867,2020-09-16
Meerut,27.239063262939453,2020-09-16
Rohtak,27.20435333251953,2020-09-16
Alwar,26.55610466003418,2020-09-17
Meerut,26.600662231445312,2020-09-17
Rohtak,26.876543045043945,2020-09-17
Alwar,27.374771118164062,2020-09-18
Meerut,26.963058471679688,2020-09-18
Rohtak,27.532493591308594,2020-09-18
Alwar,26.76824951171875,2020-09-19
Meerut,26.67885398864746,2020-09-19
Rohtak,26.92485237121582,2020-09-19
Alwar,25.62358283996582,2020-09-20
Meerut,26.126602172851562,2020-09-20
Rohtak,26.28509521484375,2020-09-20
Alwar,24.88397979736328,2020-09-21
Meerut,25.997364044189453,2020-09-21
Rohtak,25.502819061279297,2020-09-21
Alwar,25.583892822265625,2020-09-22
Meerut,26.180984497070312,2020-09-22
Rohtak,25.95535659790039,2020-09-22
Alwar,25.614652633666992,2020-09-23
Meerut,25.82770538330078,2020-09-23
Rohtak,25.933259963989258,2020-09-23
Alwar,25.40896987915039,2020-09-24
Meerut,24.809633255004883,2020-09-24
Rohtak,25.225393295288086,2020-09-24
Alwar,24.627288818359375,2020-09-25
Meerut,24.61522102355957,2020-09-25
Rohtak,24.819011688232422,2020-09-25
Alwar,24.39044189453125,2020-09-26
Meerut,24.3099422454834,2020-09-26
Rohtak,24.522607803344727,2020-09-26
Alwar,22.155996322631836,2020-09-27
Meerut,23.38901138305664,2020-09-27
Rohtak,22.883052825927734,2020-09-27
Alwar,22.209617614746094,2020-09-28
Meerut,22.784597396850586,2020-09-28
Rohtak,22.692630767822266,2020-09-28
Alwar,22.313396453857422,2020-09-29
Meerut,22.444860458374023,2020-09-29
Rohtak,22.541358947753906,2020-09-29
Alwar,21.823278427124023,2020-09-30
Meerut,22.07640266418457,2020-09-30
Rohtak,22.082183837890625,2020-09-30
Alwar,21.47722816467285,2020-10-01
Meerut,21.937789916992188,2020-10-01
Rohtak,21.81464958190918,2020-10-01
Alwar,20.335796356201172,2020-10-02
Meerut,21.12291717529297,2020-10-02
Rohtak,20.50506591796875,2020-10-02
Alwar,19.94419288635254,2020-10-03
Meerut,20.519052505493164,2020-10-03
Rohtak,20.031665802001953,2020-10-03
Alwar,19.454158782958984,2020-10-04
Meerut,20.161169052124023,2020-10-04
Rohtak,19.32726287841797,2020-10-04
Alwar,18.186527252197266,2020-10-05
Meerut,19.15966033935547,2020-10-05
Rohtak,18.95716094970703,2020-10-05
Alwar,18.236347198486328,2020-10-06
Meerut,19.112165451049805,2020-10-06
Rohtak,18.917280197143555,2020-10-06
Alwar,18.069822311401367,2020-10-07
Meerut,19.04365348815918,2020-10-07
Rohtak,18.79030418395996,2020-10-07
Alwar,18.935306549072266,2020-10-08
Meerut,19.8530216217041,2020-10-08
Rohtak,19.413042068481445,2020-10-08
Alwar,18.76262855529785,2020-10-09
Meerut,19.24506187438965,2020-10-09
Rohtak,19.260955810546875,2020-10-09
Alwar,18.368247985839844,2020-10-10
Meerut,18.96559715270996,2020-10-10
Rohtak,18.865144729614258,2020-10-10
Alwar,18.39109992980957,2020-10-11
Meerut,19.904930114746094,2020-10-11
Rohtak,19.439605712890625,2020-10-11
Alwar,18.322071075439453,2020-10-12
Meerut,19.693105697631836,2020-10-12
Rohtak,18.860065460205078,2020-10-12
Alwar,19.30646324157715,2020-10-13
Meerut,20.50054931640625,2020-10-13
Rohtak,19.807117462158203,2020-10-13
Alwar,21.33038902282715,2020-10-14
Meerut,21.608367919921875,2020-10-14
Rohtak,21.54119110107422,2020-10-14
Alwar,20.50458526611328,2020-10-15
Meerut,20.310304641723633,2020-10-15
Rohtak,19.967988967895508,2020-10-15
Alwar,18.737876892089844,2020-10-16
Meerut,18.1428279876709,2020-10-16
Rohtak,18.004703521728516,2020-10-16
Alwar,18.63874053955078,2020-10-17
Meerut,17.72960090637207,2020-10-17
Rohtak,18.00824546813965,2020-10-17
Alwar,18.6768741607666,2020-10-18
Meerut,17.944324493408203,2020-10-18
Rohtak,18.238462448120117,2020-10-18
Alwar,18.143142700195312,2020-10-19
Meerut,17.25131607055664,2020-10-19
Rohtak,17.076406478881836,2020-10-19
Alwar,15.529376029968262,2020-10-20
Meerut,15.882444381713867,2020-10-20
Rohtak,15.325661659240723,2020-10-20
Alwar,16.793840408325195,2020-10-21
Meerut,16.16985321044922,2020-10-21
Rohtak,16.74083709716797,2020-10-21
Alwar,17.74995231628418,2020-10-22
Meerut,17.417949676513672,2020-10-22
Rohtak,17.783084869384766,2020-10-22
Alwar,16.486331939697266,2020-10-23
Meerut,16.04668617248535,2020-10-23
Rohtak,16.0047664642334,2020-10-23
Alwar,15.47476577758789,2020-10-24
Meerut,15.10484790802002,2020-10-24
Rohtak,15.05219841003418,2020-10-24
Alwar,15.123808860778809,2020-10-25
Meerut,15.079025268554688,2020-10-25
Rohtak,14.826528549194336,2020-10-25
Alwar,15.911831855773926,2020-10-26
Meerut,15.30458927154541,2020-10-26
Rohtak,15.542811393737793,2020-10-26
Alwar,14.699590682983398,2020-10-27
Meerut,14.651250839233398,2020-10-27
Rohtak,14.741665840148926,2020-10-27
Alwar,13.372106552124023,2020-10-28
Meerut,13.892394065856934,2020-10-28
Rohtak,13.210417747497559,2020-10-28
Alwar,12.991988182067871,2020-10-29
Meerut,14.119832992553711,2020-10-29
Rohtak,13.659725189208984,2020-10-29
Alwar,12.982239723205566,2020-10-30
Meerut,13.798731803894043,2020-10-30
Rohtak,13.282583236694336,2020-10-30
Alwar,12.837804794311523,2020-10-31
Meerut,14.305058479309082,2020-10-31
Rohtak,13.29595947265625,2020-10-31
Alwar,11.365396499633789,2020-11-01
Meerut,13.692147254943848,2020-11-01
Rohtak,12.55410099029541,2020-11-01
Alwar,10.595431327819824,2020-11-02
Meerut,12.733353614807129,2020-11-02
Rohtak,11.771238327026367,2020-11-02
Alwar,9.974527359008789,2020-11-03
Meerut,11.653247833251953,2020-11-03
Rohtak,10.789298057556152,2020-11-03
Alwar,10.351900100708008,2020-11-04
Meerut,12.409286499023438,2020-11-04
Rohtak,11.945192337036133,2020-11-04
Alwar,10.851988792419434,2020-11-05
Meerut,12.753739356994629,2020-11-05
Rohtak,12.107152938842773,2020-11-05
Alwar,11.161012649536133,2020-11-06
Meerut,12.21176528930664,2020-11-06
Rohtak,11.781213760375977,2020-11-06
Alwar,11.098438262939453,2020-11-07
Meerut,12.013822555541992,2020-11-07
Rohtak,12.042359352111816,2020-11-07
Alwar,10.91306209564209,2020-11-08
Meerut,12.280648231506348,2020-11-08
Rohtak,11.652682304382324,2020-11-08
Alwar,10.809131622314453,2020-11-09
Meerut,11.748358726501465,2020-11-09
Rohtak,11.254334449768066,2020-11-09
Alwar,10.760446548461914,2020-11-10
Meerut,11.733916282653809,2020-11-10
Rohtak,11.133249282836914,2020-11-10
Alwar,11.459739685058594,2020-11-11
Meerut,12.392630577087402,2020-11-11
Rohtak,12.08494758605957,2020-11-11
Alwar,11.20905590057373,2020-11-12
Meerut,12.09992790222168,2020-11-12
Rohtak,11.738823890686035,2020-11-12
Alwar,11.03255558013916,2020-11-13
Meerut,11.894024848937988,2020-11-13
Rohtak,11.494935035705566,2020-11-13
Alwar,11.014739990234375,2020-11-14
Meerut,11.231438636779785,2020-11-14
Rohtak,10.982598304748535,2020-11-14
Alwar,13.46478271484375,2020-11-15
Meerut,12.73346996307373,2020-11-15
Rohtak,13.286415100097656,2020-11-15
Alwar,14.705135345458984,2020-11-16
Meerut,13.958817481994629,2020-11-16
Rohtak,14.784371376037598,2020-11-16
Alwar,13.08298110961914,2020-11-17
Meerut,12.18299388885498,2020-11-17
Rohtak,12.715683937072754,2020-11-17
Alwar,11.396256446838379,2020-11-18
Meerut,11.444618225097656,2020-11-18
Rohtak,11.147287368774414,2020-11-18
Alwar,10.90845775604248,2020-11-19
Meerut,10.90829086303711,2020-11-19
Rohtak,10.058712005615234,2020-11-19
Alwar,8.711326599121094,2020-11-20
Meerut,8.959504127502441,2020-11-20
Rohtak,8.407089233398438,2020-11-20
Alwar,8.33525276184082,2020-11-21
Meerut,9.14035415649414,2020-11-21
Rohtak,8.443821907043457,2020-11-21
Alwar,7.123748779296875,2020-11-22
Meerut,7.968051910400391,2020-11-22
Rohtak,7.395811080932617,2020-11-22
Alwar,6.947616100311279,2020-11-23
Meerut,7.9834303855896,2020-11-23
Rohtak,7.502181053161621,2020-11-23
Alwar,8.7110595703125,2020-11-24
Meerut,8.990791320800781,2020-11-24
Rohtak,9.68964672088623,2020-11-24
Alwar,11.528768539428711,2020-11-25
Meerut,11.139469146728516,2020-11-25
Rohtak,12.127374649047852,2020-11-25
Alwar,11.592453002929688,2020-11-26
Meerut,12.331384658813477,2020-11-26
Rohtak,12.278814315795898,2020-11-26
Alwar,9.898259162902832,2020-11-27
Meerut,9.643094062805176,2020-11-27
Rohtak,9.524209976196289,2020-11-27
Alwar,9.05992603302002,2020-11-28
Meerut,9.494887351989746,2020-11-28
Rohtak,9.052416801452637,2020-11-28
Alwar,7.017116546630859,2020-11-29
Meerut,8.629080772399902,2020-11-29
Rohtak,7.3321309089660645,2020-11-29
Alwar,7.519070625305176,2020-11-30
Meerut,8.786598205566406,2020-11-30
Rohtak,7.625635147094727,2020-11-30
Alwar,8.031987190246582,2020-12-01
Meerut,9.088491439819336,2020-12-01
Rohtak,8.103083610534668,2020-12-01
Alwar,8.59416675567627,2020-12-02
Meerut,9.26965618133545,2020-12-02
Rohtak,8.57485580444336,2020-12-02
Alwar,8.726902961730957,2020-12-03
Meerut,9.340723037719727,2020-12-03
Rohtak,8.766580581665039,2020-12-03
Alwar,9.370854377746582,2020-12-04
Meerut,9.468390464782715,2020-12-04
Rohtak,9.1326322555542,2020-12-04
Alwar,10.65025520324707,2020-12-05
Meerut,10.983641624450684,2020-12-05
Rohtak,11.22111701965332,2020-12-05
Alwar,11.056096076965332,2020-12-06
Meerut,11.626260757446289,2020-12-06
Rohtak,11.54773235321045,2020-12-06
Alwar,10.685592651367188,2020-12-07
Meerut,11.217388153076172,2020-12-07
Rohtak,10.923166275024414,2020-12-07
Alwar,10.39039421081543,2020-12-08
Meerut,10.391565322875977,2020-12-08
Rohtak,10.524028778076172,2020-12-08
Alwar,10.985773086547852,2020-12-09
Meerut,10.047508239746094,2020-12-09
Rohtak,10.981707572937012,2020-12-09
Alwar,11.381071090698242,2020-12-10
Meerut,11.102548599243164,2020-12-10
Rohtak,11.326996803283691,2020-12-10
Alwar,13.103594779968262,2020-12-11
Meerut,11.224017143249512,2020-12-11
Rohtak,12.31538200378418,2020-12-11
Alwar,12.906362533569336,2020-12-12
Meerut,13.299602508544922,2020-12-12
Rohtak,12.885421752929688,2020-12-12
Alwar,10.861166954040527,2020-12-13
Meerut,10.196808815002441,2020-12-13
Rohtak,10.219276428222656,2020-12-13
Alwar,7.984913349151611,2020-12-14
Meerut,9.093635559082031,2020-12-14
Rohtak,8.339302062988281,2020-12-14
Alwar,6.423051357269287,2020-12-15
Meerut,7.013492584228516,2020-12-15
Rohtak,6.597950458526611,2020-12-15
Alwar,6.401849269866943,2020-12-16
Meerut,6.141729354858398,2020-12-16
Rohtak,6.022639274597168,2020-12-16
Alwar,4.434247970581055,2020-12-17
Meerut,4.8810858726501465,2020-12-17
Rohtak,4.1363725662231445,2020-12-17
Alwar,3.0674734115600586,2020-12-18
Meerut,4.094429969787598,2020-12-18
Rohtak,3.15804386138916,2020-12-18
Alwar,3.4917078018188477,2020-12-19
Meerut,4.15925931930542,2020-12-19
Rohtak,3.4624874591827393,2020-12-19
Alwar,4.008851051330566,2020-12-20
Meerut,5.068472862243652,2020-12-20
Rohtak,3.8742806911468506,2020-12-20
Alwar,6.133439540863037,2020-12-21
Meerut,5.730635643005371,2020-12-21
Rohtak,6.185058116912842,2020-12-21
Alwar,6.406243801116943,2020-12-22
Meerut,6.1017913818359375,2020-12-22
Rohtak,5.478218078613281,2020-12-22
Alwar,5.5765814781188965,2020-12-23
Meerut,5.266750812530518,2020-12-23
Rohtak,4.977517127990723,2020-12-23
Alwar,6.146769046783447,2020-12-24
Meerut,5.973913192749023,2020-12-24
Rohtak,5.404571056365967,2020-12-24
Alwar,5.741933822631836,2020-12-25
Meerut,5.569015026092529,2020-12-25
Rohtak,5.323272705078125,2020-12-25
Alwar,5.373439311981201,2020-12-26
Meerut,5.78671407699585,2020-12-26
Rohtak,5.168109893798828,2020-12-26
Alwar,7.561016082763672,2020-12-27
Meerut,6.328302383422852,2020-12-27
Rohtak,6.784482955932617,2020-12-27
Alwar,4.618229389190674,2020-12-28
Meerut,5.856753826141357,2020-12-28
Rohtak,3.9608891010284424,2020-12-28
Alwar,2.008678436279297,2020-12-29
Meerut,3.5877559185028076,2020-12-29
Rohtak,2.5659077167510986,2020-12-29
Alwar,2.959523916244507,2020-12-30
Meerut,4.328400611877441,2020-12-30
Rohtak,3.328519105911255,2020-12-30
Alwar,2.1593029499053955,2020-12-31
Meerut,3.573582887649536,2020-12-31
Rohtak,2.176368236541748,2020-12-31
